Year,Month,Afghanistan,Albania,Algeria,Angola,Argentina,Armenia,Australia,Austria,Azerbaijan,Bahrain,Bangladesh,Belarus,Belgium,Bhutan,Bolivia (Plurinational State of),Bosnia and Herzegovina,Brazil,Bulgaria,Burkina Faso,Cabo Verde,Cambodia,Cameroon,Canada,Central African Republic,Chad,Chile,China,Colombia,Congo,Costa Rica,Côte d'Ivoire,Croatia,Cuba,Czech Republic,Democratic People's Republic of Korea,Democratic Republic of the Congo,Denmark,Dominican Republic,Ecuador,Egypt,El Salvador,Estonia,Ethiopia,Fiji,Finland,France,French Guiana,Gambia,Georgia,Germany,Ghana,Greece,Guadeloupe,Guatemala,Guinea,Guinea-Bissau,Honduras,Hungary,Iceland,India,Indonesia,Iran (Islamic Republic of),Iraq,Ireland,Israel,Italy,Jamaica,Japan,Jordan,Kazakhstan,Kenya,Kyrgyzstan,Lao People's Democratic Republic,Latvia,Lithuania,Luxembourg,Madagascar,Malaysia,Mali,Malta,Martinique,Mauritania,Mauritius,Mexico,Mongolia,Montenegro,Montserrat,Morocco,Mozambique,Nepal,Netherlands,New Caledonia,New Zealand,Nicaragua,Niger,Nigeria,Norway,Oman,Pakistan,Panama,Papua New Guinea,Paraguay,Peru,Philippines,Poland,Portugal,Qatar,Republic of Korea,Republic of Moldova,Romania,Russian Federation,Rwanda,Saint Barthélemy,Saint Lucia,Saint Martin,Senegal,Serbia,Serbia and Montenegro (2003-2006),Sierra Leone,Singapore,Slovakia,Slovenia,South Africa,Spain,Sri Lanka,Sudan,Suriname,Sweden,Switzerland,Syrian Arab Republic,Thailand,Togo,Tunisia,Turkey,Uganda,Ukraine,United Kingdom of Great Britain and Northern Ireland,United Republic of Tanzania,United States of America,Uruguay,Uzbekistan,Venezuela (Bolivarian Republic of),Viet Nam,Zambia
1995,1,,,,,,,,,,,,,,,,,,,,,,,,,,,,,,,,,,,,,,,,,,,,,,,,,,,,,,,,,,,,,,,,,,,,,,,,,,,,,,,,,,,,,,,,,,,,,,,,,,,,,,,,,,,,,,,,,,,,,,,,,,,,,,,,,21,,,,,,,,,,,,,,,
1995,2,,,,,,,,,,,,,,,,,,,,,,,,,,,,,,,,,,,,,,,,,,,,,,,,,,,,,,,,,,,,,,,,,,,,,,,,,,,,,,,,,,,,,,,,,,,,,,,,,,,,,,,,,,,,,,,,,,,,,,,,,,,,,,,,,16,,,,,,,,,,,,,,,
1995,3,,,,,,,,,,,,,,,,,,,,,,,,,,,,,,,,,,,,,,,,,,,,,,,,,,,,,,,,,,,,,,,,,,,,,,,,,,,,,,,,,,,,,,,,,,,,,,,,,,,,,,,,,,,,,,,,,,,,,,,,,,,,,,,,,31,,,,,,,,,,,,,,,
1995,4,,,,,,,,,,,,,,,,,,,,,,,,,,,,,,,,,,,,,,,,,,,,,,,,,,,,,,,,,,,,,,,,,,,,,,,,,,,,,,,,,,,,,,,,,,,,,,,,,,,,,,,,,,,,,,,,,,,,,,,,,,,,,,,,,1,,,,,,,,,,,,,,,
1995,5,,,,,,,,,,,,,,,,,,,,,,,,,,,,,,,,,,,,,,,,,,,,,,,,,,,,,,,,,,,,,,,,,,,,,,,,,,,,,,,,,,,,,,,,,,,,,,,,,,,,,,,,,,,,,,,,,,,,,,,,,,,,,,,,,,,,,,,,,,,,,,,,
1995,6,,,,,,,,,,,,,,,,,,,,,,,,,,,,,,,,,,,,,,,,,,,,,,,,,,,,,,,,,,,,,,,,,,,,,,,,,,,,,,,,,,,,,,,,,,,,,,,,,,,,,,,,,,,,,,,,,,,,,,,,,,,,,,,,,,,,,,,,,,,,,,,,
1995,7,,,,,,,,,,,,,,,,,,,,,,,,,,,,,,,,,,,,,,,,,,,,,,,,,,,,,,,,,,,,,,,,,,,,,,,,,,,,,,,,,,,,,,,,,,,,,,,,,,,,,,,,,,,,,,,,,,,,,,,,,,,,,,,,,,,,,,,,,,,,,,,,
1995,8,,,,,,,,,,,,,,,,,,,,,,,,,,,,,,,,,,,,,,,,,,,,,,,,,,,,,,,,,,,,,,,,,,,,,,,,,,,,,,,,,,,,,,,,,,,,,,,,,,,,,,,,,,,,,,,,,,,,,,,,,,,,,,,,,,,,,,,,,,,,,,,,
1995,9,,,,,,,,,,,,,,,,,,,,,,,,,,,,,,,,,,,,,,,,,,,,,,,,,,,,,,,,,,,,,,,,,,,,,,,,,,,,,,,,,,,,,,,,,,,,,,,,,,,,,,,,,,,,,,,,,,,,,,,,,,,,,,,,,,,,,,,,,,,,,,,,
1995,10,,,,,,,,,,,,,,,,,,,,,,,,,,,,,,,,,,,,,,,,,,,,,,,,,,,,,,,,,,,,,,,,,,,,,,,,,,,,,,,,,,,,,,,,,,,,,,,,,,,,,,,,,,,,,,,,,,,,,,,,,,,,,,,,,,,,,,,,,,,,,,,,
1995,11,,,,,,,,,,,,,,,,,,,,,,,,,,,,,,,,,,,,,,,,,,,,,,,,,,,,,,,,,,,,,,,,,,,,,,,,,,,,,,,,,,,,,,,,,,,,,,,,,,,,,,,,,,,,,,,,,,,,,,,,,,,,,,,,,,,,,,,,,,,,,,,,
1995,12,,,,,,,,,,,,,,,,,,,,,,,,,,,,,,,,,,,,,,,,,,,,,,,,,,,,,,,,,,,,,,,,,,,,,,,,,,,,,,,,,,,,,,,,,,,,,,,,,,,,,,,,,,,,,,,,,,,,,,,,,,,,,,,,,,,,,,,,,,,,,,,,
1996,1,,,,,,,,,,,,,,,,,,,,,,,,,,,,,,,,,1,,,,,,,,,,,,,,,,,,,,,,,,,,,,,,,,,,,,,,,,,,,,,,,,,,,,,,,,,,,,,,,,,,,,,,,,,,,,,,,,,,,,,,,,,,,,,,,,4,,,,,,,,,,,,,,,
1996,2,,,,,,,,,,,,,,,,,,,,,,,,,,,,,,,,,12,,,,,,,,,,,,,,,,,,,,,,,,,,,,,,,,,,,,,,,,,,,,,,,,,,,,,,,,,,,,,,,,,,,,,,,,,,,,,,,,,,,,,,,,,,,,,,,,5,,,,,,,,,,,,,,,
1996,3,,,,,,,,,,,,,,,,,,,,,,,,,,,,,,,,,3,,,,,,,,,,,,,,,,,,,,,,,,,,,,,,,,,,,,,,,,,,,,,,,,,,,,,,,,,,,,,,,,,,,,,,,,,,,,,,,,,,,,,,,,,,,,,,,,17,,,,,,,,,,,,,,,
1996,4,,,,,,,,,,,,,,,,,,,,,,,,,,,,,,,,,,,,,,,,,,,,,,,,,,,,,,,,,,,,,,,,,,,,,,,,,,,,,,,,,,,,,,,,,,,,,,,,,,,,,,,,,,,,,,,,,,,,,,,,,,,,,,,,,,,,,,,,,,,,,,,,
1996,5,,,,,,,,,,,,,,,,,,,,,,,,,,,,,,,,,,,,,,,,,,,,,,,,,,,,,,,,,,,,,,,,,,,,,,,,,,,,,,,,,,,,,,,,,,,,,,,,,,,,,,,,,,,,,,,,,,,,,,,,,,,,,,,,,,,,,,,,,,,,,,,,
1996,6,,,,,,,,,,,,,,,,,,,,,,,,,,,,,,,,,,,,,,,,,,,,,,,,,,,,,,,,,,,,,,,,,,,,,,,,,,,,,,,,,,,,,,,,,,,,,,,,,,,,,,,,,,,,,,,,,,,,,,,,,,,,,,,,,,,,,,,,,,,,,,,,
1996,7,,,,,,,,,,,,,,,,,,,,,,,,,,,,,,,,,,,,,,,,,,,,,,,,,,,,,,,,,,,,,,,,,,,,,,,,,,,,,,,,,,,,,,,,,,,,,,,,,,,,,,,,,,,,,,,,,,,,,,,,,,,,,,,,,,,,,,,,,,,,,,,,
1996,8,,,,,,,,,,,,,,,,,,,,,,,,,,,,,,,,,,,,,,,,,,,,,,,,,,,,,,,,,,,,,,,,,,,,,,,,,,,,,,,,,,,,,,,,,,,,,,,,,,,,,,,,,,,,,,,,,,,,,,,,,,,,,,,,,,,,,,,,,,,,,,,,
1996,9,,,,,,,,,,,,,,,,,,,,,,,,,,,,,,,,,2,,,,,,,,,,,,,,,,,,,,,,,,,,,,,,,,,,,,,,,,,,,,,,,,,,,,,,,,,,,,,,,,,,,,,,,,,1,,,,,,,,,,,,,,,,,,,,,,,,,,,,,,,,,,,,,,
1996,10,,,,,,,,,,,,,,,,,,,,,,,,,,,,,,,,,2,,,,,,,,,,,,,,,,,,,,,,,,,,,,,,,,,,,,,,,,,,,,,,,,,,,,,,,,,,,,,,,,,,,,,,,,,2,,,,,,,,,,,,,,,,,,,,,,,2,,,,,,,,,,,,,,,
1996,11,,,,,,,,,,,,,,,,,,,,,,,,,,,,,,,,,,,,,,,,,,,,,,,,,,,,,,,,,,,,,,,,,,,,3,,,,,,,,,,,,,,,,,,,,,,,,,,,,,,,,,,,,,,6,,,,,,,,,,,,,,,,,,,,,,,2,,,,,,,,,,,,,,,
1996,12,,,,,,,,,,,,,,,,,,,,,,,,,,,5,,,,,,,,,,,,,,,,,,2,3,,,,,,,,,,,,,2,,,,,,,,,19,,,,,,,,,,1,,,,,,,,,,,,,1,,,,,,,,,,,,,,,14,,,,,,,,,,1,,,,,,,,2,,,,,7,,,,,,,,5,,40,,,,,
1997,1,,,,,,,,1,,,,,22,,,,,,,,,,28,,,2,37,,,,,,,2,,,,,,,,,,,16,49,,,,47,,,,,,,,,1,,,,,5,42,4,,34,,,,,,13,,,,,,,,,,,,,,,,,20,,,,,,28,,,,,,,,,28,,,,,,,,,,,,,,,,,,18,,,,93,42,,,,,,,,114,,178,,,,,
1997,2,,,,,,,2,1,,,,,41,,,,,,,,,,132,,,,60,,,,,,,40,,,1,,,,,,,,90,80,,,,152,,,,,,,,2,,,,4,,1,,3,,325,,,,,,36,,,,,,,,,,,,,,,,,25,,3,,,,48,,,,,,,,,5,,,,,5,,,,,1,,1,,,3,,2,7,,,,102,45,,,,,,,,256,,466,,,,,
1997,3,,,,,,,,1,,,,,3,,,,2,,,,,,,,,,56,,,,,2,,26,,,3,,,,,,,,66,31,,,,29,,,,,,,,,,,,2,,,,1,,611,,,,,,,,,,,,,,,,,,,,,,,,,,,,,7,,,,,,,,,7,,,,,,,,,,1,,,,,,,,,,,,4,6,,,,,,,,62,,423,,,,,
1997,4,,,,,,,1,,,,,,,,,,1,,,,,,,,,6,9,2,,,,,,1,,,,,,,,,,,13,,,,,1,,,,,,,,,,,,,,,,,,29,,,,,,,,,,,,,,,,,,,,,,,,,7,,,,,,,,,,,,,1,,,,,,,,,,1,,,,,,,,,,,,,1,,,,,,,,5,,,,,,,1
1997,5,,,,,,,7,,,,,,,,,,4,,,,,,,,,23,2,5,,,,,,,,,,,,,,,,,3,,,,,2,,,,,,,,,,,,,,,,,,,,,,,,,,,,,,,,,,,,,,,,,,,35,,,,,,,,,,,,,,,,,,,,,,,,,,,,,,,,,,,,,,,,,,,,,,,,,,,1
1997,6,,,,,19,,20,,,,,,,,,,9,,,,,,,,,22,,2,,,,,,,,,,,,,,,,,1,,,,,,,,,,,,,,,,,,,,,,,,,,,,,,,,,,,,,,,,,,,,,,,,116,,,,1,,,,,,,,,,,,,,,,,,,1,,,,,,,,,,,,,,,,,,,,,,,,,,,,
1997,7,,,,,,,9,,,,,,,,,,5,,,,,,,,,7,1,,,,,,,,,,,,,,,,,,,,,,,,,,,,,,,,,,,,,,,,,,,,,,,,,,,,,,,,,,,,,,,,,,75,,,,,,,,,,,,,,,,,,,,,,,,,,,,,,16,,,,,,,,,,,,,,,,,,,,,6
1997,8,,,,,,,15,,,,,,,,,,1,,,,,,,,,,4,,,,,,,,,,,,,,,,,,,,,,,,,,,,,,,,,,,,,,,,,,,,,,,,,,,,,,,,,,,,,,,,,,29,,,,,,,,,,,,,,,,,,,,,,,,,,,,,,20,,,,,,,,,,,,,,1,,,,,,,15
1997,9,,,,,,,4,,,,,,1,,,,,,,,,,,,,,8,,,,,,,,,,,,,,,,,,,,,,,,,,,,,,,,,,,,,,,,,,,,,,,,,,,,,,,,,,,,,,,,,,2,,,,,,,,,,,,,1,,,,,,,,,,6,,,,,,,,,,,,,,,,,,,,,,,,,,,,
1997,10,,,,,,,,,,,,,2,,,,1,,,,,,,,,,3,,,,,,,,,,,,,,,,,,,3,,,,,,,,,,,,,,,,,,,,,,,,,,,,,,,,,,,,,,,,,,,,,,,,,,,,,,,,,,,,,,,,,,,,,,3,,,,,,,,,,,,,,,,,,,,,,,,,,,,
1997,11,,,,,,,1,,,,,,,,,,,,,,,,,,,,,,,,,,,,,,,,,,,,,,,2,,,,,,,,,,,,,,,,,,,,,,,,,,,,1,,,,,,,,,,,,,,,,,,,,,,,,,,,,,,,,,,,,,,,,,,,,,,,,,,,,,,,,,,,,,,,1,,,,,,,
1997,12,,,,,,,1,,,,,,,,,,,,,,,,1,,,,,,,,,,,,,,,,,,,,,,,,,,,,,,,,,,,,,,,,,,,,,,,,,,,1,,,,,,,,,,,,,,,,,,,,,,,,,,,,,,,,,,,,,2,,,,,,,,,,,,,,,,,1,,,,,,,,,,,,,,,,
1998,1,,,,,,,,,,,,,,,,,,,,,,,,,,,,,,,,,,,,,,,,,,,,,1,5,,,,,,,,,,,,,,,,,,,,1,,6,,,,,,,,,,1,,,,,,,,,,,,,4,,,,,,,,,,,,,,,,,,,,,,,,,,,,,,,,,,,,,,2,,,,,,,,,,,,,,,
1998,2,,,,,,,,,,,,,,,,,,,,,,,12,,,,,,,,,,,,,,,,,,,,,,3,27,,,,3,,,,,,,,,,,,,,,,1,,1,,,,,,,,,,,,,,,,,,,,,,,,,,,,,,,,,,,,,,,,,,,,,,,,,,,,,,,,,,,,,,,,,,,,,,,3,,,,,
1998,3,,,,,,,,,,,,,,,,,,,,,,,2,,,,,,,,,,,,,,,,,,,,,,3,42,,,,1,,7,,,,,,,,,,,,,,,,1,,,,,,,,,,,,,,,,,,,,,,,,,,,,,,,,,,,,,,,,,,8,,,,,,,,,,,,,,,,,,,1,,,,,,,,,,18,,,,,
1998,4,,,,,,,,,,,,,,,,,2,,,,,,,,,,,,,,,,,,,,,,,,,,,,,19,,,,,,,,,,,,,,,,,,,,,,29,,,,,,,,,,,,,,,,,,,,,,,,,,,,,,,,,,,,,,,,,,3,,,,,,,,,,,,,,,,,,1,,,,,,,,,,,,,,,,
1998,5,,,,,,,,,,,,,,,,,,,,,,,,,,,,,,,,,,,,,,,,,,,,,,,,,,,,,,,,,,,,,,,,,,,,15,,,,,,,,,,,,,,,,,,,,,,,,,4,,,,,,,,,,,,,,,,,,,,,,,,,,,,,,,,,,,,,,,,,,,,,,,,,,,
1998,6,,,,,,,1,,,,,,,,,,,,,,,,,,,,,,,,,,,,,,,,,,,,,,,,,,,,,,,,,,,,,,,,,,,,,24,,,,,,,,,,,,,,,,,,,,,,,,,,,,,,,,,,,,,,,,,,,,,,,,,,,,,,,,,,,,,,,,,,,,,,,,,,,,
1998,7,,,,,,,1,,,,,,,,,,,,,,,,,,,,,,,,,,,,,,,,,,,,,,,,,,,,,,,,,,,,,,,,,,,,,,,,,,,,,,,,,,,,,,,,,,,,,,,,,,,,,,,,,,,,,,,,,,,,,1,,,,,,,,,,,,,,,,,,,,,,,,,,,,
1998,8,,,,,,,2,,,,,,,,,,1,,,,,,,,,,,,,,,,,,,,,,,,,,,,1,,,,,,,,,,,,,,,,,,,,,,,,,,,,,,,,,,,,,,,,,,,,,,,,,,,,,,,,,,,,,,,,,,,,,,,,,,,,,,,,,,,,,,,,,,,,,,,,,,,
1998,9,,,,,,,1,,,,,,,,,,2,,,,,,,,,,,,,,,,,,,,,,,,,,,,,,,,,1,,,,,,,,,,,,,,,,,,,,,,,,,,,,,,,,,,,,,,,,,,,,,,,,,,,,,,,,,,,,,,,,,,,,,,,,,,,,,,,,,,,,,,,2,,,,,,,
1998,10,,,,,,,1,,,,,,1,,,,1,,,,,,,,,,4,,,,,,,,,,,,,,,,,,,,,,,1,,,,,,,,,,,,,,,,,,,,,,,,,,,,,,,,,,,,,,,,,,,,,,,,,,,,,,,,,,,,,,,,,,,,1,,,,,,,,,,1,,,,,,,,,,,5,,,,,
1998,11,,,,,,,,1,,,,,15,,,,3,,,,,,2,,,,2,,,,,,,1,,,,,,,,,,,1,8,,,,3,,,,,,,,,,,,,,,,,,41,,,,,,,,,,,,,,,,,,,,,,,5,,,,,,,,,,,,,,,,,,,,,,,,,,,,,,,,,18,,,,3,3,,,,,,,,5,,46,,,,,
1998,12,,,,,,,1,,,,,,83,,,,,,,,,,3,,,1,3,,,,,,,2,,,1,,,,,,,,4,44,,,,30,,,,,,,,,,,,,,,,18,,51,,,,,,1,,,,,,,,,,,,,,,,,,,,,,,,,,,,,,,,3,,,,,,,,,,,,,,,,,,46,,,,6,24,,,,,,,,11,,143,,,,,
1999,1,,,,,,,,1,,,,,59,,,,,,,,,,22,,,,,,,,,1,,5,,,,,,,,,,,17,1857,,,,339,,2,,,,,,30,2,,,,,,3,36,,726,,,,,,,,,,1,,,,,,,,,,,,,,,,,,,2,,,,,,,,3,21,,,,,19,,,,,,,,,,1,,1,11,,,,11,54,,,,,,,,22,,849,,,,,
1999,2,,,,,,,,9,,,,6,28,,,,1,,,,,,172,,,1,,,,,,,,5,,,,,,,,,,,27,119,,,,430,,2,,,,,,21,2,,,,,,23,14,,1974,,,,,,7,,,,2,,,,,,,,,,,,,,,,,,,9,,,,,,,,9,9,,,,2,2,,,,,,,,,,,,,,,,,37,35,,,,,,,,42,,1395,,,,,
1999,3,,,,,,,2,,,,,10,1,,,,1,,,,,,218,,,,,,,,,,,9,,,1,,,,,,,,26,63,,,,103,,,,,,,,,2,,,,,,,,,1261,,,,,,42,,,3,1,,,,,,,,,,,,,,,,,,,11,,,,,,,,,1,,,,,,,,,,2,,,,,,,,,,,,47,16,,,,,,,,90,,564,,,,,
1999,4,,,,,,,2,,,,,,,,,,,,,,,,30,,,5,,,,,,,,,,,,,,,,,,,5,3,,,,,,,,,,,,,,,,,,,,,,178,,,,,,15,,,,,,,,,1,,,,,,,,,,,,,,,,,,,,,,,1,,,,,,,,,,3,,,,,,,3,,,,,,,,,,,,,,23,,30,,,,,
1999,5,,,,,1,,3,,,,,,,,,,,,,,,,10,,,8,,,,,,,,,,,,,,,,,,,1,,,,,,,,,,,,,,,,,,,,,,,11,,,,,,,,,,,,,,,18,,,,,,,,,,3,,,,,,,,,2,,,,,,,,,,,,,,32,,,,,,,29,,,,,,,,,,,,,,6,,1,,,,,
1999,6,,,,,3,,14,,,,,,,,,,,,,,,,,,,7,,1,,,,,,,,,,,,,,,,,,,,,,,,,,,,,,,,,,,,,,,,,,,,,,,,,2,,,,,,,,,,,,,,,,,,,,,,,,,,,,,,,,,,,,,,,29,,,,,,,63,,,,,,,,,,,,,,,,,3,,,,
1999,7,,,,,8,,18,,,,,,,,,,,,,,,,2,,,,,,,,,,,,,,,,,,,,,,,,,,,,,,,,,,,,,,,,,,,,,,,,,,,,,,,,,,,,,,,,,,,,,,,,,,,,,,,,,,,,,,,,,,,,,5,,,,,,,44,,,,,,,,,,,,,,1,,,,,,,
1999,8,,,,,13,,33,,,,,,,,,,3,,,,,,,,,,39,,,,,,,,,,,,,,,,,,,,,,,,,,,,,,,,,,,,,,,,,,,,,,,,,,,,,,,,,,,,,,,,,,,,,,,,,,,,,,,,,,,,,,,,,,,,,,,,32,,,,,,,,,,,,,,,,,,,,,
1999,9,,,,,11,,13,,,,,,,,,,1,,,,,,1,,,,58,1,,,,,,,,,,,,,,,,,,,,,,,,,,,,,,,,,,,,,,,,,,,,,,,,,,,,,,,,,,,,,,,,,,,,,,,,,,,,,,,,,,,,,,,,2,,,,,,,,,,,,,,,,,,,,,,,,,,,,
1999,10,,,,,,,10,,,,,,,,,,,,,,,,,,,,24,1,,,,,,,,,,,,,,,,,,,,,,,,,,,,,,,,,,,,,,,,,,,,,,,,,,,,,,,,,,,,,,,,,,,,,,,,,,,,,,,,,,,,,,,,1,,,,,,,1,,,,,1,,,,,,,,,,,6,,,,,
1999,11,,,,,2,,1,,,,,,,,,,,,,,,,5,,,,17,,,,,,,1,,,,,,,,,,,3,1,,,,,,,,,,,,,1,,,,,,1,,,1,,,,,,,,,,,,,,,,,,,,,,,,,,,,,,,,,,,,,,,,,,,,,,,,,,,,,,,,1,,,,1,,,,,,,,,,,2,,,,,
1999,12,,,,,1,,,,,,,,,,,,,,,,,,3,,,,10,,,,,,,2,,,,,,,,,,,5,,,,,,,,,,,,,2,,,,,,,,,,1,,,,,,,,,,4,,,,,,3,,,,,,,,,,,,,,,,,,,,3,,,,,,,,,,,,,,,,,,,,,,,,10,,,,,,,,,3,,10,,,,,
2000,1,,,,,,,,,,,,,,,,,,,,,,,2,,,1,,,,,,,,14,,,,,,,,,,,10,3,,,,2,,,,,,,,2,,,,,,1,5,1,,1,,,,,,,,,,1,,,,,,4,,,,,,,,,,,,,22,,,,,,,,,,,,,,3,,,,,,,,,,1,,,,,,,,,,,,2,,,,12,,13,,,,,
2000,2,,,,,,,,,,,,,,,,,,,,,,,7,,,,,,,,,,,3,,,,,,,,,,,,1,,,,,,,,,,,,,,,,,,,9,1,,1,,,,,,,,,,2,,,,,,13,,,,,,,,,,,,,2,,,,,,,,1,,,,,,3,,,,,,,1,,,,,,,,,,,,,,,,,,,5,,23,,,,,
2000,3,,,,,,,,,,,,,,,,,,,,,,,13,,,,,,,,,,,1,,,,,,,,,,,8,3,,,,1,,,,,,,,,,,,,,,3,,,2,,,,,,2,,,,,,,,,,2,,,,,,,,,,,,,3,,,,,,,,,,,,,,1,,,,,,,,,,,,,,,,,,,,,,,,,,1,,12,,,,,
2000,4,,,,,,,,,,,,,,,,,,,,,,,20,,,,,,,,,,,,,,,,,,,,,,,1,,,,,,,,,,,,,,,,,,,,,,1,,,,,,,,,,1,,,,,,,,,,,,,,,,,,,4,,,,,,,,,,,,,,,,,,,,,,,,,,,,,,,,,,,,,,,,4,,14,,,,,
2000,5,,,,,4,,,,,,,,,,,,,,,,,,24,,,,,,,,,,,,,,,,,,,,,,,1,,,,,,,,,,,,,,,,,,,,,,1,,,,,,,,,,1,,,,,,,,,,,,,,,,,,,5,,,,,,,,,,,,,,,,,,,,,,,,,,,,,,,,,,,,,,,,8,,1,,,,,
2000,6,,,,,7,,10,,,,,,,,,,,,,,,,27,,,1,,,,,,,,,,,,,,,,,,,,,,,,,,,,,,,,,1,,,,,,,,,1,,,,,,,,,,,,,,,,,,,,,,,,,,,,,,,,,,,,,,,,,,,,,,,,,,,,,,,,,,,,,,,,,,,,,,,,,,,,
2000,7,,,,,5,,42,,,,,,,,,,,,,,,,1,,,6,7,,,,,,,,,,,,,,,,,,,,,,,,,,,,,,,,,1,,,,,,,,1,,,,,,,,,,,,,,,,,,,,,,,,,,,,,,,,,,,,,,,,,,,,,,,,,,,,,,,,,,,,,,,,,,,,,,,,,,,,
2000,8,,,,,6,,55,,,,,,,,,,2,,,,,,,,,,8,,,,,,,,,,,,,,,,,,,,,,,,,,,,,,,,,,,,,,,,,,,,,,,,,,,,,,,,,,,,,,,,,1,,,,,,,,,,,,,,,,,,,,,,,,,,,,,,,,,,,,,,,,,,,,,,,,,,,,
2000,9,,,,,2,,25,,,,,,,,,,1,,,,,,,,,,11,,,,,,,,,,,,,,,,,,,,,,,,,,,,,,,,,,,,,,,,,1,,,,,,,,,,,,,,,,,,,,,,,,,,,,,,,,,,,,,,,,,,,,,,,,,,,,,,1,,,,,,,,,1,,,,,,,,1,,,,,
2000,10,,,,,6,,20,,,,,,,,,,,,,,,,2,,,,17,,,,,,,3,,,,,,,,,,,1,3,,,,,,,,,,,,,,,,,,1,,,,1,,,,,,,,,,,,,,,,,,,,,,,,,,,,,,,,,,,,,,7,,,,,25,,,,,,,,,,1,0,,,,,,,,,1,,,,,,,,10,,,,,
2000,11,,,,,,,2,,,,,,,,,,,,,,,,92,,,,18,,,,,,,1,,,,,,,,,,,,,,,,2,,,,,,,,,,1,,,,,,,,1,,,,,,,,,,,,,,,,,,,,,,,,,,,,,,,,,,,,,,1,,,,,,,,,,,,,,,3,1,,,,,,,,,1,,,,,,,,112,,,,,
2000,12,,,,,,,,,,,,,1,,,,,,,,,,458,,,1,10,,,,,,,2,,,,,,,,,,,3,,,,,,,,,,,,,,1,,,,,1,7,,,3,,,,,,,,,,,,,,,,,,,,,,,,,,,,,1,,,,,,,,,2,,,,,,,,,,,,,,,1,5,,,,,,4,,,1,,,,,,13,,312,,,,,
2001,1,,,,,,,2,1,,,,,9,,,,,,,,,,802,,,,63,,,,,,,9,,,,,,1,,,,,27,21,,,,32,,,,,,,,,13,1,,,,6,16,5,,392,,,,,,2,,,,,,,,,,1,,,,,,,1,,,,,,3,,,,,,,,,48,,,,,,,,,,,,,,,,8,,,,,,40,4,,1,,,,,,144,,2141,,,,,
2001,2,,,,,,,2,,,,,,10,,,,,,,,,,815,,,,126,,,,,,,14,,,4,,,1,,,,,26,39,,,,37,,6,,,,,,,39,,,,,45,18,7,,848,,,,,,1,,,,,,,,,,1,,,,,,,1,1,,,,,5,,,,,,,,,38,,,,32,,,,,,,,,,,,4,,7,,,,138,4,,,,,,,1,249,,1379,,,,,
2001,3,,,,,,,1,1,,,,,9,,,,1,,,,,,306,,,,130,,,,,,,16,,,10,,,,,,,,66,98,,,,76,,1,,,,,,,20,,,,,24,,1,,702,,,,,,12,,,,,,,,,,,,,,,,,,,,,,,17,,,,,,,,,15,,,,46,13,,,,,,,,,,,0,,,,,,153,4,,4,,,,,,131,,455,,,,,
2001,4,,,,,5,,1,,,,,,2,,,,3,,,,,,55,,,,107,,,,,,,1,,,,,,,,,,,57,52,,,,11,,,,,,,,,2,,,,,5,,,,287,,,,,,60,,,,,,,,,,,,,,,,,,,,,,,10,,,,,,,,,,,,,,,,,,,,,,,,,0,,,,,,,,,,,,,,,,,112,,,,,
2001,5,,,,,3,,1,,,,,,,,,,5,,,,,,,,,2,95,,,,,,,,,,,,,,,,,,,,,,,2,,,,,,,,,,,,,,,1,,,46,,,,,,11,,,,,,,,,15,,,,,,,,,,1,,,,11,,,,,6,,,,,,,,,,,,,,,,,,,,,4,,,,,,,,,,,,,,,,9,,,,,
2001,6,,,,,6,,,,,,,,,,,,7,,,,,,,,,16,47,,,,,,,,,,,,,,,,,,,,,,,,,,,,,,,,,,,,,,,,,26,,,,,,3,,,,,,,,,7,,,,,,,,,,22,,,,,,,,,,,,,,,,,,,,,,,3,,,,,,,4,,,,,,,,1,,,,,,,,,1,,,,
2001,7,,,,,33,,4,,,,,,,,,,4,,,,,,,,,93,91,1,,,,,,,,,,,,,,,,,,,,,,,,,,,,,,,,,,,,,,,,1,,,,,,,,,,,,,,,4,,,,,,,,,7,39,,,,,,,,,11,,,,,,,,,,,,,,2,,,,,,,2,,,,,,,,3,,,,,,,,,,,,,
2001,8,,,,,26,,2,,,,,,,,,,,,,,,,1,,,55,62,1,,,,,,,,,,,,,,,,,,,,,,,,,,,,,,,,,,,,,,,,,,,,,,,,,,,,,,,,,,,,,,,,,34,,,,,,,,,11,,,,,,,,,,,,,,17,,,,,,,,,,,,,,,,,,,,,,,,,,,,
2001,9,,,,,20,,6,,,,,,,,,,,,,,,,,,,22,19,4,,,,,,,,,,,,,,,,,,1,,,,,,,,,,,,,,,,,,,,,,1,,,,,,,,,,,,,,,,,,,,,,,,,10,,,,,,,,,19,,1,,,,,,,,,,,,3,,,,,,,,,,,,,,,,,,,,,,,1,,,,,
2001,10,,,,,12,,1,,,,,,,,,,,,,,,,,,,5,4,8,,,,,,2,,,,,,,,,,,,,,,,,,,,,,,,,,,,,,,,,,,,,,,,,,,,,,,,,,,,,,,,,,,,,,,,,,,,2,,,,,,,,,,,,,,,,,,,,,,,,,,,,,,,,,,,,,,,,,,
2001,11,,,,,,,,,,,,,,,,,,,,,,,,,,14,3,,,,,,,1,,,,,,,,,,,1,12,,,,,,,,,,,,,,,,,,,,2,,,,,,,,,,,,1,,,,,,,,,,,,,,,,,,,,,,,,3,,,,1,,,,,,,,,,,,,,,,0,,,,,,,1,,,,,,,,,,10,,,,,
2001,12,,,,,,,,2,,,,,6,,,,,,,,,,6,,,12,4,,,,,,,2,,,,,,,,,,,,66,,,,10,,,,,,,,,,,,,,,1,28,,20,,,,,,,,,,,,,,,,,,,,,,,1,,,,,,1,,,,,,,,,,,,,,12,,,,,,,,,,,1,,31,,,,,4,,,,,,,,,,15,,,,,
2002,1,,,,,,,1,45,,,,,26,,,,,,,,,,89,,,,75,3,,,,6,,4,,,,,,2,,,,,2,227,,,,23,,,,,,,,,,5,,2,,,4,150,,216,,,,,,13,,,,,,,,,,3,,,,,,,,,,,,,1,,,,,,7,,,1,,,,1,113,,,,,,,,,,4,34,,61,,,,,62,,,,,,,6,,,60,,,,,
2002,2,,,,,,,1,60,,,,,51,,,,,,,,,,389,,,,77,,,,,21,,7,,,,,,1,,,,,14,345,1,,,140,,,,,,,,,,5,,,,,28,58,,591,,,,,,76,,,,,,,,,,5,,,,,,,,,,,,,6,,,,,,4,,,4,,3,,7,21,,,,,,,,,,3,69,,26,,,,,49,,,,,,,8,,,318,,,,,
2002,3,,,,,,,1,11,,,,,23,,,,,,,,,,155,,,1,61,,,,,7,,,,,,,,,,,,,14,61,1,,,163,,4,,,,,,,,1,,,,1,47,,,553,,,,,,122,,,4,1,,,,,,3,,,,,,,,,,,,,6,,,,,,12,,,2,,90,,11,65,,,,,,,,,,2,4,,2,,,,,10,,,,,,,4,,,895,,,,,
2002,4,,,,,2,,8,1,,,,,2,,,,,,,,,,96,,,,29,1,,,,,,,,,,,,,,,,,2,29,,,,6,,17,,,,,,,,,,,,,,,,289,,,,,,25,,,13,1,,,,,,6,,,,,,,,,,,,,23,,,,,9,18,,,,,4,,,1,,,,,,,,,,2,2,2,,,,,,,,,,,,,,,,845,,,,,
2002,5,,,,,17,,53,,,,,,,,,,2,,,,,,28,,,,6,,,,,,,,,,,,,,,,,,,,,,,,,,,,,,,,,,,,,,,,,131,,,,,,,,,13,,,,,,,13,,,,,,,,1,1,,,,,,,,,6,20,,,,,,,,,,,,,,,,,,,0,5,,,,,,,,,,,,,,,,206,,,,,
2002,6,,,,,100,,106,,,,,,,,,,1,,,,,,2,,,,3,1,,,,,,,,,,,,,,,,,,,1,,,,,,,,,,,,,,,,,,,,,17,,,,,,,,,19,,,,,,,4,,,,,,,,7,16,,,,,,,,,1,25,,,,,,,,,,,,,3,,,,,,,25,,,,,,,,,,,,,,,,15,6,,,,
2002,7,,,,,91,,36,,,,,,,,,,6,,,,,,2,,,2,4,,,,,,,,,,,,,,,,,,,,,,,,,,,,,,,,,3,,,,,,,,2,,,,,,,,,,,,,,,,,,,,,,,,7,11,,,,,,,,,,16,,,,,,,,,,,,,6,,,,,,,22,,,,,,,,,,,,,,,,2,8,,,,
2002,8,,,,,50,,4,,,,,,,,,,14,,,,,,,,,9,5,,,,,,,,,,,,,,,,,,,,,,,,,,,,,,,,,2,,,,,,,,,,,,,,,,,13,,,,,,,,,,,,,,,2,16,,,,,,,,,,60,,,3,,,,,,,,,,1,,,,,,,13,1,,,,,,,,,,,,,,,1,10,,,,
2002,9,,,,,2,,,,,,,,,,,,7,,,,,,,,,17,19,3,,,,,,,,,,,,,,,,,,1,,,,,,,,,,,,,,,,,,,,,,,,,,,,,,,8,,,,,,,1,,,,,,,,,4,,,,,,,,,,32,,,,,,,,,,,,,2,,,,,,0,,,,,,,,,,,,,,,0,,4,,,,,
2002,10,,,,,1,,,,,,,,,,,,1,,,,,,,,,15,15,1,,,,,,,,,,,,3,,,,,,1,,,,3,,,,,,,,,,,,,,,,3,,,,,,,,,,,12,,,,,,,4,,,,,,,,,,,,,,,,,,,18,,,2,,,,,,,,,,,,,,,,0,,1,,,,,,,,,,,,,0,,7,,,,,
2002,11,,,,,,,,,,,,,1,,,,,,,,,,1,,,4,18,,,,,,,4,,,,,,,,,,,1,9,1,,,,,,,,,,,,,,,,,,,,,33,,,,,,1,,,16,,,,,,,2,,,,5,,,,,,,,,,,,,,,18,,,50,,,,,,,,,,,,,,,,0,,27,,,,,,,,,,,,2,0,,54,,,,,
2002,12,,,,,,,,,,,,,1,,,,,,,,,,7,,,,94,,,,,,,2,,,,,,3,,,,,25,40,,,,,,1,,,,,,,,,,,,,19,1,,113,,,,,,,,,6,,,,,,,3,,,,1,,,,,,,,,2,,,,,,12,,,116,,,,,,,,,,,,,,,,0,,28,,,,,1,,,,,,,,0,,673,,,,,
2003,1,,,,,,,,2,,,,,,,,,,,,,,,52,,,,151,,,,,,,17,,,7,,,,,,,,146,208,,,,9,,6,,,,,,1,,,,,,,31,4,,865,,,,,,1,,,,1,,,,,,4,,,,,,,,,,,,,1,,,,,1,5,,,28,,,,1,6,,,,,,,,,,2,0,,11,,,,,10,,,,2,,,,21,,1901,,,,,
2003,2,,,,,,,,14,,,,,,,,,,2,,,,,453,,,,177,,,,,,,18,,,15,,,,,,,,45,322,1,,,132,,14,,,,,,4,4,,,,,,47,16,,964,,,,,,13,,,,1,,,,,,5,,,,,,,,,,,,,20,,,,,2,9,,1,19,,,,66,13,,,,,,,,,,21,2,,9,,,,,23,,,,,,,5,41,,1624,,,,,
2003,3,,,,,,,,,,,,,,,,,,,,,,,743,,,,270,,,,,12,,20,,,6,,,,,,,,5,58,,,,141,,24,,,,,,1,26,,,,,,2,11,,525,,,,,,29,,,,2,,,,,,4,,,,,,,14,,,,,,49,,,,,,36,,,3,,,,92,3,,,,,,,,,,25,3,,,,,,,13,,,,,,,1,8,,462,,,,,
2003,4,,,,,,,,,,,,,,,,,,,,,,,127,,,,39,,,,,4,,,,,,,,,,,,,3,6,,,,,,1,,,,,,,1,,,,,,,2,,48,,,,,,8,,,,,,,,,,,,,,,,,,,,,,,9,,,,,,8,,,,,,,7,,,,,,,,,,,,1,,,,,,,,,,,,,,,2,,71,,,,,
2003,5,,,,,4,,,,,,,,,,,,2,,,,,,13,,,,7,,,,,,,,,,,,,,,,,,,,,,,,,,,,,,,,,,,,,,,,,8,,,,,,,,,,,,,,,,,,,,1,,,,,,,,,,,,,,1,11,,,,,,,,,,,,,,,,,,,0,,,,,,,,,,,,,,,2,,29,,,,,
2003,6,,,,,15,,,,,,,,,,,,1,,,,,,6,,,,9,,,,,,,,,,,,,,,,,,,,,,,,,,,,,,,,,,,,,,,,,,,,,,,,,,,,,,,,,1,,,,,,,,,,,,,,,,,,1,12,,,,,,,,,,,,,,,,,,,,1,,,,,,,,,,,,,,0,,4,,,,,
2003,7,,,,,1,,1,,,,,,,,,,,,,,,,,,,1,7,,,,,,,,,,,,,,,,,,,,,,,,,,,,,,,,,3,,,,,,,,,,,,,,,,,,,,,,,,,,,,,,,,,,,,,,,,,,,8,,,,,,,,,,,,,,,,,,,,4,,,,,,,,,,,,,,0,,,1,,,,
2003,8,,,,,,,1,,,,,,,,,,,,,,,,1,,,,2,,,,,,,,,,,,,,,,,,,,,,,,,,,,,,,,,6,,,,,,,,1,,,,,,,,,,,,,,,,,,,,,,,,,,,,,,,,,,1,7,1,,,,,,,,,,,,,,,,,,,,,,,,,,,1,,,,,,0,,,2,,,,
2003,9,,,,,,,1,,,,,,,,,,,,,,,,1,,,,6,,,,,,,,,,,,,,,,,,,,,,,,,,,,,,,,,2,,,,,,,,1,,,,,,,,,,,,,,,,,,,,,,,,,,,,,,,,,,,7,3,,,,,,,60,,,,,,,,,,,,,,,,,,,,6,,,,,,0,,1,,,,,
2003,10,,,,,,,1,,,,,,,,,,1,,,,,,1,,,,6,,,,,,,2,,,,,,,,,,,1,,,,,,,,,,,,,,,,,,,1,,,,1,,,,,,,,,,,,,,,,2,,,,,,,,,,,,,1,,,,,,7,2,,,,,,,,,,,,,,,,,,,,,,,,,,,17,,,,,,1,,5,,,,,
2003,11,,,,,,,,,,,,,,,,,,,,,,,,,,,5,,,,,,,2,,,,,,,,,,,,1,,,,,,,,,,,,,,,,,,7,,,,7,,,,,,,,,,,,,,,,,,,,,,,,,,,,,,,,,,,4,1,,,,2,,,,,,,,,,,,,,,,,,,,,1,,1,,,,,,1,,23,,,,,
2003,12,,,,,,,,,,,,,,,,,,,,,,,7,,,,10,1,,,,,,,,,,,,,,,,,4,,,,,,,,,,,,,,,,,,,13,,1,,8,,,,,,,,,4,,,,,,,2,,,,,,,,,,,,,2,,,,,,8,,,,,78,,,,,,,,,,,,,,1,,,,,,2,,,1,,,,,3,,,109,,,,,
2004,1,,,,,1,,,2,,,,,,,,,,,,,,,5,,,1,12,,,,,,,1,,,,,,,,,,,,,,,,1,,,,,,,,,,,,,,,1,,,22,,,,,,,,,2,,,,,,,1,,,,,,,,,,,,,3,,,,,2,14,1,,,,39,,,,,,,,,,,,,,,,,,,,,,,2,,,,,,,,19,,,,,
2004,2,,,,,,,1,,,,,,,,,,,,,,,,,,,,12,2,,,,,,,,,,,,,,,,,,,,,,,,,,,,,,,,,,,,,,4,,61,,,,,,,,,,1,,,,,,,,,,,,,,,,,,,4,,,,,,8,,,,,118,,,,,,,,,,,,,,,,,,,,1,,,5,,,,,,1,,27,,,,,
2004,3,,,,,,,,,,,,,,,,,,,,,,,,,,1,11,5,,,,,,,,,1,,,,,,,,,,,,,3,,,,,,,,,,,,,,,,15,,77,,,,,,,,,2,,,,,,,2,,,,,,,,,,,,,8,,,,,,2,,,,,245,,,,,,,,,,,,,,,,,,,,4,,,,,,,,,2,,40,,,,,
2004,4,,,,,1,,,,,,,,,,,,1,,,,,,,,,8,9,8,,,,,,,,,,,,,,,,,,,,,,,,,,,,,,,,,,,,,,5,,90,,,,,,,,,,,,,,,,,,,,,,,,1,,,,,3,,,,,,1,,,,,81,,,,,,,,,,,,,,,,,,,,,,,1,,,,,,0,,38,,,,,
2004,5,,,,,2,,,,,,,,,,,,4,,,,,,,,,40,21,10,,,,,,,,,,,,,,,,,,,,,,,,,,,,,,,,,,,,,,,,21,,,,,,,,,,,,,,,,,,,,,,,,,,,,,,,,,,,11,,,,,2,,,,,,,,,,,,,,,,,,,,,,,,,,,,,0,,18,2,,,,
2004,6,,,,,8,,3,,,,,,,,,,2,,,,,,,,,55,19,5,,,,,,,,,,,,,,,,,,,,,,,,,,,,,,,,,,,,,7,,,1,,,,,,,,,4,,,,,,,,,,,,,,,,,,,,,,,,,,8,,,,,,,,,,,,,,,,,,,,1,,,,,,,,,,,,,,0,,7,6,,,,
2004,7,,,,,17,,5,,,,,,,,,,3,,,,,,,,,34,63,3,,,,,,,,,,1,,,,,,,,,,,,,,,,,,,,,,,,,,,,,,1,,,,,,,,,,,,,,,,,,,,,,,,,,,,,,,,,,3,4,,,,,,,,,,,,,,,,,,,,,,,,,,,,,,,,,,0,,5,1,,1,,
2004,8,,,,,19,,20,,,,,,,,,,1,,,,,,,,,12,100,5,,,,,,,,,,,,,,,,,,,,,,,,,,,,,,,,,,,,,,,,,,,,,,,,,2,1,,,,,,,,,,,,,,,2,,,,,,,,,,5,,,,,,,,,,,,,,,,,,,,,,,,,,,,3,,,,,,0,,3,1,,,,
2004,9,,,,,20,,27,,,,,,,,,,7,,,,,,,,,6,76,3,,,,,,,,,,,,,,,,,,,,,,,,,,,,,,,,,,,,,,,,,,,,,,,,,,,,,,,,,,,,,,,,1,1,,,,,,,,,,14,,,,,,,,,,,,,,,,,,,,,,,,,,,,13,,,,,,0,,8,,,,,
2004,10,,,,,25,,10,,,,,,,,,,5,,,,,,,,,3,28,3,,,,,,1,,,,,,,,,,,,,,,,,,,,,,,,,,,3,,,,,,,2,,,,,,,,,2,,,,,,,3,,,,,,,,,7,,,,,,,,,1,13,,,,,,,,,,,,,,,,,,,,,,,,,,,,27,,,,,,0,,22,,,,,
2004,11,,,,,8,,8,,,,,,,,,,3,,,,,,,,,4,14,,,,,,,2,,,,,,,,,,,,,,,,,,,,,,,,,,,26,,,,,,,21,,,,,,3,,,1,1,,,,,,14,,,,2,,,,,,,,,1,,,,,1,1,,,,,,,,,,,,,7,,,,,,,,,,,,3,,,16,,,2,,,1,,113,,,,,
2004,12,,,,,6,,1,,,,,,,,,,3,,,,,,,,,,10,,,,,,,,,,,,,,,,,,,2,,,,3,,,,,,,,,1,,26,,,,2,9,,45,,,,,,2,,,1,4,,,,,,14,,,,4,,,,1,,,,,9,,,,,,1,,,2,,,,,6,,,,,,,,,,,,,,,,,1,8,,,,,1,,,1,,254,,,,,
2005,1,,,,,,,,,,,,,3,,,,6,,,,,,,,,,28,,,,,,,9,,,,0,,1,,,,,,9,,,,12,,3,,,,,,,,,32,,,7,10,52,,999,,,,,,3,,,,3,,,,,,12,0,,,12,,,,2,,,,,14,,,,,1,4,,,35,,1,,,8,,,,,,,,,,,20,,1,,,,11,7,,32,,,,,2,10,,1289,,,,,
2005,2,,,,,,,,,,,,3,35,,,,8,,,,,,,,,,84,,,,,,,,,,4,0,,,,,,,3,22,,,,51,,1,,,,,,,,,31,,,5,15,119,,1699,,,,,,13,,,3,,,,,,,3,0,,,,,,,1,,,,,40,,,,,,1,1,13,23,,11,,2,75,,,,,,,1,,,,42,,2,,,,34,6,,22,,,,,35,20,,2226,,,,,
2005,3,,,,,,,,,,,,6,33,,,,2,,,,,,,,,,285,3,,,,,,,,,3,0,,,,,,,4,58,2,,,70,,2,,,,,,,1,,84,,,19,19,48,,486,,,,,,88,,,,,,,,,,,0,,,,,,,,,,,,55,,,,,,1,2,8,11,,47,,46,39,,,,,,,,,,,4,,2,,,,73,19,,9,,1,,,25,19,,1677,,,,,
2005,4,,,,,,,,,,,,,,,,,3,,,,,,,,,1,238,1,,,,,,,,,7,0,,,,,,,2,17,1,,,,,3,,,,,,,,,64,,,13,12,1,,92,,,,,,38,,,4,,,,,,,1,0,,,,,,,1,4,,,,33,,,,,,,13,,1,,87,,9,,,,,,2,,,,,,3,,1,,,,58,,,1,,,,,4,3,,446,,,,,
2005,5,,,,,4,,6,,,,,,,,,,,,,,,,,,,26,133,,,,,,,,,,1,1,,,,,,,,,,,,,,,,,,,,,,,44,,,3,,,,6,,,,,,3,,,18,,,,,,,,0,,,,,,,8,36,,,,7,,,,,,4,33,,,,45,,,,,,,,,,,,,,,24,,,,,,,,,,,,,,0,,99,9,,,,
2005,6,,,,,10,,19,,,,,,,,,,,,,,,,,,,82,50,,,,,,,,,,,0,,,,,,,,,,,,,,,,,,,,,,,,,,,,,,,,,,,,,,,9,,,,,,,2,,,,,,,,6,115,,,,,,,,,,6,16,,,,,,,,,,,,6,,,,,,,50,,,,,,,,1,,,,,,1,,24,16,,,,
2005,7,,,,,33,,21,,,,,,,,,,3,,,,,,,,,29,59,2,,,,,,,,,,0,,,,,,,,,,,,,,,,,,,,,,,,,,,,,,,,,,,,,,,20,,,,,,,,,,,,,,,9,84,,,,,,,,,3,2,18,,,,,,,,,,,,,,,,,,,27,,,,,,,,8,,,,,,0,,9,6,,,,
2005,8,,,,,16,,24,,,,,,,,,,4,,,,,,,,,15,32,,,,,,,,,,,0,,,,,,,,,,,,,,,,,,,,,,,,,,,,,,,,,,,,,,,9,,,,,,,,,,,,,,,,4,,,,,,,,,,,3,,,,,,,,,,,,,,,,,,,8,,,,,,,,10,,,,,,0,,1,,,,,
2005,9,,,,,22,,16,,,,,,,,,,3,,,,,,,,,15,30,1,,,,,,,,,,0,,,,,,,,,,,,,,,,,,,,,,,,,,,,,,,,,,,,,,,1,,,,,,,,,,,,,,,,5,,,,,,,,,1,1,2,,,,,,,,,,,,2,,,,,,,3,,,,,,,,22,,,,,,0,,1,,,,,
2005,10,,,,,10,,11,,,,,,,,,,2,,,,,,,,,2,98,,,,,,,,,,,0,,,,,,,,,,,,,,,,,,,,,,,,,,,,,,,,,,,,,,,,,,,,,,2,0,,,,,,,,,,,,,,,,,1,1,,,,,,,,,,,,,,,,,,,,,,,,,,1,,22,,1,,,,,,12,,,,,
2005,11,,,,,,,2,,,,,,,,,,6,,,,,,,,,,68,,,,,,,,,,,0,,,,,,,,1,,,,,,,,,,,,,,,,,,,1,,,,,,,,,1,,,,,,,,,,,0,,,,,,,,,,,,,,,,,1,,3,,5,,,,,,,,,,,,,,,,,,,,,,1,1,,44,,1,5,,,,,15,,,,,
2005,12,,,,,,,,,,,,,,,,,3,,,,,,,,,,134,,,,,,,2,,,,0,,,,,,,,9,,,,,,11,,,,,,,,,,1,,,,,,2,,,,,,,,,,,,,,,,3,0,,,10,,,,,,,,,23,,,,,1,,,,1,,,,,,,,,,,,,,,,1,,,,,,4,,,5,,,10,,,27,,40,,,,,
2006,1,,,,,,,,,,,,,,,,,,,,,,,,,,,370,,,,,,,26,,,7,0,,4,,,,,,42,,,,2,,20,,,,,,,1,,,1,,,2,3,,35,,,1,,,19,,,,0,,,,,,1,0,,,4,,,,,,,,,268,,,,,,4,0,1,35,,3,,,,,,,,,,,,,,,,1,,,,47,14,,14,,2,1,,,105,,122,,,1,26,
2006,2,,,,,,,,,,,,,,,,,2,,,,,,,,,,594,,,,,,,65,,,40,0,,,,,,,37,172,,,,66,,46,,,,,,,14,,,1,,,23,7,,38,,,,,,205,,17,,0,,,,,,3,0,,,,,,,,,,,,427,,,,,,4,0,11,38,,1,,1,1,,,,,,,1,,,,4,,148,,,,178,66,,14,,,2,,,215,,583,,,,72,
2006,3,,,,,,,,,,,,,,,,,,,,,,,,,,,987,,,,,,,28,,,59,0,,,,,,,31,172,,,,308,,21,,,,,,,25,,,3,,,39,23,,60,,,3,,,36,,9,,0,,,,,,6,0,,,,,,,16,,,,,119,,,,,,,0,12,9,,12,,9,38,,,,,,,8,,,,21,,153,1,,,183,91,,6,,2,10,,6,57,,1380,,,,78,
2006,4,,,,,,,,,,,,,,,,,7,,,,,,,,,,123,,,,,,,14,,,5,0,,,,,,,18,24,,,,136,,5,,,,,,,3,,,7,,,13,9,,115,,,2,,,5,,3,,0,,,,,,5,0,,,,,,,14,,,,,20,,,,,,2,0,3,,,220,,13,76,,,,,,,5,,,,6,,3,2,,,45,5,,3,,5,16,,3,,,892,,,8,57,
2006,5,,,,,1,,4,,,,,,,,,,1,,,,,,,,,,34,,,,,,,2,,,,0,,,,,,,,,,,,3,,,,,,,,,,,,4,,,,,,181,,,6,,,,,,,0,,,,,,,0,,,,,,,1,1,,,,,,,,,,1,0,,,,17,,,24,,,,,,,,,,,,9,,,,,2,,,1,,,,,,,,105,1,,8,21,
2006,6,,,,,6,,8,,,,,,,,,,2,,,,,,,,,2,25,,,5,,,,,,,,0,,,,,,,,,,,,,,,,,,,,,,,,1,,,,,,64,,,10,,,,,,,0,,,,,,2,0,,,,,,,,1,,,,3,,,,,,2,0,,,,,,,,,,,,,,,,,,,17,,,,,,,,2,,,,,,,,,,,,11,
2006,7,,,,,36,,49,,,,,,,,,,10,,,,0,,,,,2,20,,,,,,,,,,,0,,,7,,,,,,,,,,,,,,,,,,,,,1,,,,,,19,,,2,,,,,,,0,,,,,,,0,,,,,,,,,,,,,,,,,,1,0,,,,,,,,,,,,,,,,,,,11,,,,,,,,11,,,,,,,,,1,,,9,
2006,8,,,,,33,,37,,,,,,,,,,12,,,,0,,,,,1,12,,,,,,,,,,,0,,,1,,,,,,,,,,,,,,,,,,,,,,,,,,,,,,8,,,,,,,0,,,,,,,,,,,,,,,,,,,,,,,,,1,2,,,,,,,,,,,,,,,,,,,,,,,,,,,13,,,,,,,,,,,,8,
2006,9,,,,,57,,18,,,,,,,,,,5,,,,0,,,,,3,16,1,,,,,,,,,,1,,,,,,,,,,,,,,,,,,,,,,,,,,,,,,5,,,1,,,,,,,0,,,,,,,0,,,,,,,,,,,,,,,,,,2,1,,1,,,,,,,,,,,,,,,,,,,,,,,,,7,,,,,,,,,,,,11,
2006,10,,,,,8,,1,,,,,,,,,,4,,,,0,,1,,,8,36,,,,,,,,,,,0,,,,,,,,,,,,,,,,,,,,,,,,,,,,,,3,,,1,,,,,,,0,,,,,,19,0,,,,,,,,,,,,,,,,,,,1,,,,,,,,,,,,,,,,,,,,,,,,,,,25,,,5,,,0,,111,,,2,23,
2006,11,,,,,2,,,,,,,,,,,,9,,,,0,,1,,,10,19,,,,,,,,,,,1,,,,,,,,,,,,,,,,,,,,,,,,3,,,,2,,12,,,0,,,,,,1,0,,,,,,6,0,,,,,,,,,,,,,,,,,,,0,,,,3,,1,,,,,,,,,,,,,,,,,,1,,,15,,,16,,,0,,157,,,1,10,
2006,12,,,,,,,,,,,,,,,,,,,,,0,,4,,,7,142,1,,,,,,,,,,0,,,,,,,,,,,,,,1,,,,,,,,,,9,,,,,,39,,,2,,,,,,13,0,,,,,,6,0,,,,,,,,,,,,,,,,,,,1,,,,,,,2,,,,,,,,,3,,,,,,,,,,,1,,1,5,,,0,,524,,,0,9,
2007,1,,,,,,,1,,,,,,,,,,2,,,,0,,42,,,10,213,,,,,,,1,,,,0,,,,,,,,,,,,,,13,,,,,,,,,,10,,,1,3,,235,,,6,,,,,,23,3,,,,,,6,0,,,,,,,,,,,,2,,,1,,,,1,,,,5,,50,19,,,,,,,,,36,,,,1,2,,,2,1,,20,,,15,,,6,,523,,,0,26,
2007,2,,,,,,,,,,,,,,,,,,,,,0,,121,,,,119,,,,,,,,,,,0,,,,,,,3,1,,,,4,,14,,,,,,,,,,12,,,,4,,751,,,3,,,,,2,35,7,,,,,,8,11,,,,,,,,,,,,3,,,1,,,2,2,,1,,3,,38,61,,,,,,,,,35,,,,1,1,,,4,,,18,,,13,,11,2,,1903,,,0,9,
2007,3,,,,,,,2,,,,,,,,,,1,,,,11,,304,,,5,307,,,,,,,,,,,0,,,,,,,,,,,,5,,10,,,,,,,,,,1,,,,3,,699,,,5,,,1,,1,29,2,,,,,,15,262,,,,,,,,,,,,1,,,,,,3,2,,1,,15,,17,28,,,,,1,1,,,24,,,,,,,,4,,,7,,1,,,10,0,,1480,,,0,30,
2007,4,,,,,,,2,,,,,7,,,,,,,,,0,,416,,,12,185,1,,,,,,1,,,,0,,,,,,,,,,,,3,,2,,,,,,,,,,1,,,,1,,169,,,1,,,,,,,0,,,,,,3,40,,,,,,,,,,,,1,,,,,,,2,,,,150,,,24,,,,,,,,,46,,1,1,,,,,5,,,1,,,,,4,0,,501,,,0,15,
2007,5,,,,,3,,,,,,,,,,,,1,,,,0,,87,,,32,152,1,,,,,,,,,,0,1,,,,,,,,,,,,,,,,,,,,,,,,,,,,,70,,,0,,,,,,,3,,,,,,2,0,,,,,,,,,,,,,,,1,,,1,,,,,26,,,,,,,,9,,,,27,,,1,,,,,2,,,1,,,,1,,0,,88,,,0,6,
2007,6,,,,,8,,2,,,,,,,,,,,,,,0,,14,,,45,187,,,,,,,,,,,0,,,,,,,,,,,,,,,,,,,,,,,,,,,,,,4,,,0,,,,,,,3,,,,,,,0,,,,,,,,1,,,,,,,2,,,3,,,,,,,,,,,,,6,,,,16,,,3,,2,,,,,,5,,,,,,0,,17,4,,0,,
2007,7,,,,,3,,22,,,,,,,,,,,,,,3,,1,,,57,308,,,,,,,,,,,0,,,,,,,,,,,,,,,,,,,,,,,,,,,,,,,,,0,,,,,,2,7,,,,,,4,0,,,,,,,,10,,,,,,,2,,,,,,,,,,,,,,,,,,,,22,,,24,,2,,,,,,4,,,,,,0,,12,3,,0,6,
2007,8,,,,,3,,19,,,,,,,,,,1,,,,9,,,,,11,139,1,,,,,,,,,,0,,,,,,,,,,,,,,,,,,,,,,,,,,,,,,,,,20,,,,,,,3,,,,,,,0,,,,,,,,11,,,,,,,,,,,,,,,,,,,,,,,,,,,9,,,54,,,,,,,,5,,,,1,,0,,12,,,0,8,
2007,9,,,,,1,,16,,,,,,,,,,2,,,,8,,,,,5,129,,,,,,,,,,,0,1,,,,,,,,,,,1,,,,,,,,,,,,,,,,,,0,,,71,,,,,,,3,,,,,,,0,,,,,,,,22,,,,0,,,12,,,7,1,,,,,,,,,,,,,,,,14,,,50,,2,,,1,,,38,,,,3,,0,,15,1,,0,6,
2007,10,,,,,,,7,,,,,,1,,,,,,,,6,,2,,,1,139,,,,,,,,,,,0,,,,,,,,,,,,,,,,,,,,,,,,1,,,,,,5,,,5,,,0,,,4,4,,,,,,,0,,,,,,,,,,,,1,,,,,,3,,,,,2,,,,,,,,,,,,7,,,4,1,,,,2,,,41,,,,0,,0,,18,,,0,30,
2007,11,,,,,2,,9,,,,,,1,,,,4,,,,5,0,8,,,,182,,,1,,,,,,,1,0,,,,,,,,,,,,1,,,,,,,,,,,,1,,,,,,5,,,11,,,,,1,2,8,,,,,,,0,,,,,,,,,,,,3,,0,,,,2,7,,,,0,,,,,,,,,,,,10,,,6,17,,,,14,4,,57,,,,3,,3,,39,,,0,64,
2007,12,,,,,0,,4,,,,,,10,,,,4,,,,5,,75,,,2,448,0,,1,,,,,,,1,0,,,0,,,,2,17,,,,6,0,,,,,,,,,,,6,,,11,6,0,9,,,3,,,3,,6,0,4,,,1,,,1,4,,,1,,,,,,,,,9,,0,0,,0,6,16,,7,,95,,,1,,,,,0,,,,13,,2,,40,3,,,6,5,,125,,7,,5,,7,,290,,,0,86,
2008,1,,,,,0,,2,,,,,,34,,,,0,,,,1,,385,,,,543,0,,1,,2,,14,,,6,0,,,0,1,,,6,112,2,,,91,0,5,,,,,,,4,,,2,,,45,39,0,35,,2,1,,,1,,21,0,2,,,1,,,3,18,,,2,,,,,,,,,27,,1,0,,0,3,43,8,19,,574,,27,11,,,,,0,,,,17,,15,,166,0,,,83,27,,144,,3,,2,1,7,,1368,,,,77,
2008,2,,,,,0,,3,,,,,,115,,,,0,,,,0,,983,,,,441,0,,0,,20,,28,,,9,0,,,0,2,,,17,210,2,,,247,0,25,,,,,0,,12,,,3,,,80,42,0,88,,4,2,,,1,,52,0,9,,,,,,0,46,,,1,,,,0,,,,,118,,1,1,,0,8,76,8,24,,1557,,66,79,,,,,0,,,,28,,,,15,0,,,227,67,,62,,21,,0,16,25,,4724,,,,66,
2008,3,,,,,1,,7,,,,,,114,,,,0,4,,,0,,1919,,,,1104,0,,2,,30,,32,,,15,2,,,0,4,,,14,145,2,,,147,0,32,,,,,0,,14,2,,10,,,11,9,0,102,,9,27,,,14,,29,0,9,,,1,,,2,12,,,2,,,,0,,,,,120,,2,0,,0,6,48,4,12,,725,,16,172,,,,,0,,,,31,,,,1,2,,,321,72,,58,,26,,5,21,23,,4638,0,,,62,
2008,4,,,,,4,,3,,,,,,9,,,,1,,,,0,,1453,,,0,135,0,,0,,4,,7,,,5,1,,,0,,,,,45,,,,29,0,9,,,,,0,,2,1,,20,,,,1,0,57,,1,42,,,9,,1,0,0,,,,,,1,0,,,1,,,,0,,,,,80,,3,1,,0,5,0,,2,,21,,1,81,,,,,5,,,,42,,,,3,1,,,155,,,11,,,,0,3,4,,848,0,,,31,
2008,5,,,,,8,,8,,,,,,0,,,,1,,,,0,,238,,,0,16,0,,0,,,,1,,,1,1,,,0,0,,,,,,,,1,0,,,,,,,,1,4,,0,,,,,0,8,,,43,0,,8,,0,0,0,,,,,,0,0,,,,,,,0,1,,,,41,,2,3,,0,2,0,0,1,,2,,,17,,,,,1,,,,68,,0,1,0,0,,,20,,,3,,,,0,,2,,86,3,,,55,
2008,6,,,,,156,,14,,,,,,0,,,,22,,,,1,,27,,,6,4,1,,0,,,,,,,,2,,,5,0,,,,,,,,1,0,,,,,,,,,4,,2,,,,,0,3,,,46,0,,,,,0,0,,,,,,,0,,,,,,,0,17,,,,11,,0,8,,6,13,11,1,0,,0,,,6,,,,,0,,,,33,,0,3,,0,,,,,,19,,,,0,,,,23,19,,,42,
2008,7,,,,,93,,33,,,,,,0,,,,32,,,,2,,2,,,3,2,0,,0,,,,,,,,2,,,1,0,,,,,,,,0,0,,,,,,,,,,,0,,,,,0,8,,,30,0,,,,,0,0,,,,,,0,0,,,,,,,0,37,,,,1,0,2,5,,3,8,11,1,0,,,,,,,,,,0,,,,25,,0,3,,0,,,,,,24,,,,,,,,10,12,,,30,
2008,8,,,,,33,,173,,,,,,0,,,,27,,,,2,0,5,,,3,3,0,,0,,,,,,,,0,,,,0,,,,,,,,0,0,,,,,,,,,,,0,,,,,0,0,,,18,0,,,,,0,0,,,,,,,0,,,,,,,0,164,,,,0,0,8,0,,2,11,19,0,0,,,,,0,,,1,,0,,,,22,,0,6,,0,,,,,,48,,,,,,,,8,11,,,59,
2008,9,,,,,4,,163,,,,,,0,,,,20,,,,4,,4,,,5,0,0,,0,,,,,,,0,0,,,,0,,,0,0,0,,,0,0,0,,,,,,,,,,0,,,,,0,8,,,12,0,,0,,0,0,0,,,,,,1,0,,,,,,,0,75,,,,1,0,0,2,,0,2,2,0,0,,,,0,1,,,,,0,,,,24,,0,,0,0,,,0,,,36,,,,,,0,,12,0,,,37,
2008,10,,,,,3,,21,,,,,0,1,,,,3,0,,,12,,3,,,6,12,1,,2,,,,,,,0,0,,0,,0,,,0,0,0,,,0,0,0,,,,,6,,,,,0,,,,,0,24,,0,11,,,0,,,0,0,,,,,,5,0,,,0,,,,0,,,,,0,0,0,1,,1,2,2,0,0,,,,0,10,,,,,0,,,,25,,0,,0,0,,,0,,,46,,,0,,0,0,,31,0,,,45,
2008,11,,,,,0,,5,,,,,13,3,,,,7,0,,,23,,28,,,6,8,,,1,,,,,,,0,0,,0,,0,,,0,3,0,,,0,0,0,,,,,1,,,,,0,,,,0,0,76,,0,9,,,0,,,0,0,,,,,,9,0,,,0,,,,0,,,,,1,0,11,1,,0,1,1,0,0,,,,0,25,,,,,0,,,,19,,0,,19,1,,,9,,,23,,1,0,,,1,,84,,,,71,
2008,12,,,,,0,,1,,,,,2,,,,,0,,,,17,0,104,,,1,10,0,,1,,0,0,0,,,0,0,,1,0,1,,,1,21,0,,,0,0,0,0,,,,0,,,,,0,0,,3,1,0,80,,1,1,,,0,,,0,0,,,0,,,5,0,,,,,,0,0,,,,,3,0,6,1,,0,1,0,0,2,,,,0,29,,,,,0,1,,,11,,0,,5,0,,0,3,2,,4,,2,0,,,5,,194,,,,18,
2009,1,,,,,0,,0,,,,,6,2,,,,0,,,,1,0,360,,,0,2,2,,0,1,0,0,1,,,0,0,,1,0,10,,0,2,49,0,,,0,0,10,0,,,,0,,,,,0,0,,24,6,0,233,,4,0,,,3,,,0,2,,,0,3,,13,0,,,,,,1,0,,,,,5,0,9,0,,0,1,4,4,1,,1,,0,33,,,,,0,2,,,3,,3,,13,0,,0,3,3,,11,,1,8,,,0,,751,,,,14,
2009,2,,,,,0,,0,,,,,32,14,,,,1,,,,3,2,1414,,,,19,10,,0,10,22,0,,,,0,0,,0,0,55,,0,1,187,0,,,0,0,43,0,,,,1,,,,,2,0,,34,9,0,488,,17,4,,,1,,,0,1,,,0,0,,59,0,,,,,,37,,,,,,8,0,3,3,,0,1,6,17,0,,1,,4,100,,,,,0,8,,,25,,4,2,6,0,,0,12,8,,11,,3,32,,,0,,3711,0,,,15,
2009,3,,,,,0,,1,,,,,11,10,,,,2,,,,2,0,1442,,,,46,6,,0,13,27,0,,,,3,,,0,0,140,,0,19,280,0,,,0,0,35,0,,,,2,,,,,0,0,,34,19,0,777,,12,0,,,16,,,0,1,,,0,0,,73,0,,,,,,31,,,,,,2,0,3,0,,0,1,4,10,3,,3,,29,183,,,,,0,,,,56,,12,,10,1,,0,46,20,,9,,1,60,,,0,,4253,0,,,72,
2009,4,,,,,0,,2,,,,,,3,,,,7,0,,,3,0,346,,,2,71,14,,4,5,0,8,1,,,8,,,0,0,21,,1,7,62,3,,4,2,0,3,0,,,,18,1,,,,0,0,3,4,2,0,250,,6,0,0,,7,,3,2,10,,0,0,0,,11,0,,,,,,6,,,,,,9,0,2,,,0,0,1,0,,,11,,17,60,,,,,0,0,,,35,3,8,,15,0,,0,40,6,,5,,1,32,,6,0,,1369,0,,,51,
2009,5,,,,,2,,4,,,,,,2,,,,5,1,,0,3,0,173,,,,93,7,,25,4,0,8,0,,,2,,1,0,4,8,,0,3,8,3,0,1,1,9,,0,,,,19,0,,,,5,0,0,3,1,0,87,,1,0,0,,1,,0,11,7,,0,0,0,,10,1,,,,,,2,,1,,,,21,0,11,,,1,3,0,0,,,28,,11,42,,,,,0,0,,,28,3,0,2,20,0,,0,30,2,,8,,,10,,10,4,,785,0,,,67,
2009,6,,,0,,0,,5,,,,,,0,,,,7,0,,0,10,0,24,,,,93,0,,,2,0,1,0,,,2,,2,0,13,2,,1,0,6,0,,0,0,6,1,0,,0,,0,0,,0,,6,0,1,1,0,1,12,,,1,0,,2,,0,1,0,,0,0,0,,0,0,,,,,,0,0,0,,,,10,0,9,,,4,,1,0,,,4,,0,27,,,,,0,0,,,11,0,0,4,10,0,,0,7,2,,19,,5,0,,0,3,,38,1,,,56,
2009,7,,,0,,0,,1,,,,,,,,,,0,0,,0,5,0,2,,,,163,0,,,0,0,11,,,,0,,,0,9,,,0,0,0,0,,1,0,7,,0,,0,,0,0,,0,,7,0,2,0,0,0,4,,,17,0,,0,,1,,1,,0,0,0,,0,0,,,,,,0,0,0,,,,1,0,9,,,0,,7,1,,,3,,0,18,,,,,0,0,,,6,0,,40,2,0,,0,0,1,,0,,2,0,8,0,0,,18,,,,38,
2009,8,,,0,,0,,2,,,,,,,,,,0,0,,0,9,0,0,,,,288,2,,,27,0,1,,,,,,,0,0,0,,0,0,0,1,,0,0,5,,0,0,2,,0,0,,0,,0,0,0,0,0,0,0,,,31,0,,0,,0,,1,,0,0,0,,9,0,,,,,,0,0,2,,,,0,0,4,,,2,,5,0,,,0,,0,12,,,,,3,0,,0,0,0,,63,,2,,0,1,0,,0,,2,,5,0,1,,27,,,,43,
2009,9,0,,0,,0,,0,,,,,,,,,,0,0,,0,6,0,0,,,0,360,1,,,15,0,0,0,,,,,,0,1,0,,0,0,3,2,,0,0,7,,0,0,0,,0,0,,2,,0,0,0,0,0,0,0,,0,61,0,,0,,0,0,0,,0,,0,,5,0,,,,,,1,0,0,,,,1,0,1,,,0,,,2,,,0,0,0,17,,,,,0,0,,0,0,0,,22,7,1,0,,0,0,,2,,0,0,4,0,0,0,51,,,,9,
2009,10,0,,0,,0,,0,,,,,,,,,,0,0,,0,10,,4,,,1,220,5,,,5,0,0,0,,,,,,0,0,1,,0,0,3,2,,0,0,2,1,0,0,0,0,0,0,,1,,0,0,0,1,0,1,0,,,150,0,,0,,0,0,0,,0,,0,,0,0,,,5,,,0,0,0,,,,3,,9,,,0,,5,0,,,0,0,0,27,,,,,1,0,,0,0,0,,5,18,,0,,0,0,,1,,1,0,0,0,0,0,86,,,,18,
2009,11,0,,0,,0,,1,,,,,,0,,,,0,0,,1,31,,4,,,0,196,2,,,,0,0,0,,,0,,0,3,0,18,,0,0,3,4,,0,0,7,,0,0,0,,10,0,,0,,0,0,0,1,0,1,0,,,82,0,,0,,1,0,0,,0,,0,,0,0,,,2,,,0,0,0,,1,,1,,3,,,0,,5,13,0,,3,0,0,102,,,,,1,0,,0,0,0,,0,22,2,0,,3,0,,0,,0,0,5,0,1,0,68,,,,16,
2009,12,0,,0,,0,,0,,,,,,0,,,,0,0,,0,11,0,2,,,0,1096,2,,,,0,0,0,,,0,,0,0,,1,,0,0,0,1,,0,0,1,0,0,0,0,,5,0,,0,,7,0,0,1,0,0,0,,,55,0,,0,0,1,0,1,,0,,0,,0,0,,,0,,,0,0,0,,,,0,,40,,,0,,3,1,0,,8,0,0,94,,,,,0,0,,0,,0,0,0,2,0,0,,3,0,,2,,1,1,0,0,0,0,20,,,,35,
2010,1,0,,0,0,0,,1,,,,13,,1,,,,0,0,,0,9,1,4,0,,0,5686,5,,0,0,0,0,0,,0,0,3,,0,0,0,0,0,0,2,2,,0,0,0,1,0,1,0,,17,0,,21,8,35,0,0,2,0,1,1,,,10,0,,0,,0,0,0,9,0,,0,,0,1,,,7,0,,2,0,0,0,1,7,3,0,141,0,,0,4,9,3,0,,36,0,0,74,1,0,,0,0,0,,,17,0,0,0,4,1,,,2,0,,2,,0,0,5,0,2,13,38,,,,32,0
2010,2,0,,0,10,0,,1,0,,,15,,1,,,,3,0,,,3,1,3,0,,0,3347,6,,0,0,0,0,0,,2,0,0,,0,1,1,1,0,,1,1,,0,0,0,0,0,2,0,,24,0,,17,3,39,0,0,0,3,0,4,,,23,1,,1,,0,0,0,10,0,,,,0,267,,,,0,,2,0,0,0,3,4,0,0,1,0,,0,0,10,6,0,,41,0,0,185,4,,,,2,0,,,7,0,0,1,4,0,,,26,1,,14,,3,3,2,0,5,33,23,,,,10,9
2010,3,0,,0,5,4,,0,0,,,15,,3,,,,6,0,,,2,19,5,0,,0,4406,3,,0,0,0,0,0,,40,6,2,,0,5,2,0,0,,6,1,,0,0,0,0,,0,0,,4,0,,14,9,33,0,0,0,29,0,5,,,5,3,,15,,0,0,1,3,,,,,1,155,,,,0,,0,0,0,0,8,1,3,11,0,1,,0,0,4,1,0,,379,0,0,338,7,,,,0,0,,,24,0,0,0,8,0,,,34,0,,17,,1,2,0,0,4,5,32,,,,41,8
2010,4,0,,0,0,16,,1,0,,,20,,1,,,,11,0,,,0,22,1,0,,0,2029,0,,0,0,0,3,0,,45,5,0,,0,1,1,0,0,,8,1,,1,0,29,0,,1,0,,7,0,,12,5,46,0,0,0,5,0,1,,,9,0,,11,,1,0,1,1,,,,,2,8,,,,0,,2,0,0,2,1,0,5,11,0,1,,0,0,1,0,0,,1033,0,0,498,5,,,,4,0,,,109,0,0,1,8,0,,,51,2,,8,0,1,1,2,8,2,0,16,,,,10,8
2010,5,0,,0,1,29,,2,0,,,40,,3,,,,7,0,,,0,22,4,0,,1,865,6,,0,0,0,18,1,,62,2,1,,0,12,0,0,0,,5,2,,0,0,2,0,,1,0,,6,0,,54,15,24,0,0,,1,0,6,,9,5,0,,4,,0,0,0,0,,,,,1,3,,,,0,,1,0,0,3,,0,13,6,1,0,,,1,2,0,0,,200,0,0,245,7,,,,17,0,,,194,0,0,5,27,0,,,21,0,,7,0,0,,5,1,1,0,11,,,,20,0
2010,6,0,,0,0,113,,1,0,,,39,,1,,,,11,0,,,0,72,1,0,,14,359,7,,0,12,0,0,,,4,1,4,,14,31,0,0,0,,1,13,,5,0,0,0,,0,0,,5,0,,39,14,5,0,0,,0,0,2,,0,4,0,,,,,0,0,1,,0,,,10,0,,,,0,,1,0,0,8,,0,1,1,1,3,,,14,10,0,0,,2,0,0,47,1,,,,6,0,,,53,0,1,85,14,0,,,4,0,,8,0,0,,0,4,1,0,8,,,,42,0
2010,7,0,,0,0,236,,3,0,,,59,,0,,,,18,0,0,,5,33,3,0,,38,397,14,,0,2,0,2,0,,1,0,1,,17,12,0,0,0,,0,14,,,0,0,0,0,3,2,,1,0,,16,30,2,0,0,,0,0,0,,0,1,0,,,,,0,1,2,,2,,5,2,0,,,,0,,0,13,0,38,,1,0,2,0,1,,,33,34,0,0,,0,0,0,2,0,,,,33,0,,,72,1,0,190,14,1,,,0,0,,48,0,,,0,1,0,2,11,,,,45,0
2010,8,0,,0,0,315,,78,0,,,31,,0,,,,5,0,0,,4,12,0,0,,171,326,9,,0,3,0,8,,,0,0,0,,16,24,0,0,0,,1,6,,0,0,0,0,0,4,,,1,0,,36,60,2,0,0,,,1,0,,0,2,0,,0,0,,0,5,0,,8,,3,11,0,,,,0,,1,39,1,106,,7,0,0,0,0,,,34,127,0,3,,0,0,0,1,1,,,,48,0,,,119,0,0,316,3,0,,,0,0,,87,0,,,4,,0,1,29,,,,27,0
2010,9,0,,0,0,63,,132,0,,,6,,0,,,,25,0,,,10,21,1,0,,161,186,1,,5,2,0,16,,,0,0,0,,0,7,0,0,0,0,1,1,,1,0,0,0,0,3,,,2,0,,20,51,1,0,0,,,0,0,,0,4,0,,0,0,0,0,5,2,,0,,1,34,0,,,0,0,,0,19,0,23,,0,0,0,2,1,,,27,56,0,0,,0,0,0,5,1,,,,71,,,,92,0,0,82,4,0,,,0,0,,61,0,,0,3,,2,3,62,,,,47,0
2010,10,0,,1,0,8,0,138,0,0,,3,2,2,,,,28,0,,,63,34,2,1,,27,194,4,,41,20,0,14,0,,0,0,0,,37,14,0,0,0,0,3,1,,14,0,0,0,0,2,,,10,0,,11,120,1,0,0,15,,1,2,,0,18,1,4,0,0,0,3,3,9,,1,0,1,75,1,,,0,0,,3,1,,32,,18,2,9,3,3,,,50,18,0,1,,0,0,0,14,0,,,,173,0,,,41,0,0,19,13,15,,,3,0,,58,3,0,2,10,7,11,2,263,,,,79,0
2010,11,0,0,26,0,5,5,47,0,0,,2,0,9,,,0,33,0,,,47,24,23,6,,3,193,0,,57,7,0,3,0,,0,0,0,,0,0,1,0,0,0,26,0,,12,0,1,0,7,0,,,9,0,,5,38,6,0,0,31,3,0,4,0,0,10,0,6,0,0,1,3,1,3,,0,,,132,0,,,0,0,,2,0,,0,,4,10,11,0,4,,,17,8,1,4,,0,0,0,59,0,,,,24,0,,,15,2,0,18,22,43,,,12,0,,22,0,0,3,7,69,86,3,929,,,,94,0
2010,12,0,3,108,0,2,1,56,1,0,,0,16,76,,,0,3,0,,,74,4,59,0,,1,176,0,,47,,0,6,0,,0,0,1,,0,,3,0,0,7,216,2,,2,0,0,0,5,,,,5,0,0,1,23,116,0,70,109,20,0,5,5,1,12,1,5,9,1,7,6,0,6,1,1,,0,71,0,,,20,,,26,0,,1,,2,328,15,1,0,,,12,2,1,28,,0,0,0,287,0,,,,11,0,,,6,3,2,2,95,49,,,90,3,,7,0,2,29,2,385,1129,0,2166,,,,42,
2011,1,0,13,121,0,0,5,18,35,0,,0,113,134,0,0,1,16,66,,,38,8,270,0,,0,314,2,,26,0,0,0,3,,0,0,1,1,0,10,52,0,0,74,1247,0,,30,0,5,11,1,0,,,6,18,22,16,12,680,0,371,160,277,2,44,5,15,36,4,9,328,65,206,52,1,23,3,1,,0,83,0,,,69,0,,159,0,,3,1,10,1674,108,23,0,,2,4,12,85,21,12,0,44,53,998,0,,,,0,4,,,19,7,1,2,429,46,,,557,9,,21,0,10,346,1,437,2281,3,4009,0,,4,33,4
2011,2,0,3,36,0,0,2,4,83,0,,0,78,76,0,0,0,5,39,,,12,0,569,0,,0,650,2,,7,0,4,1,30,,1,0,0,0,0,0,31,0,0,68,954,1,,222,0,5,30,1,0,,,0,33,59,10,22,153,0,130,37,245,16,57,0,8,58,9,10,456,75,116,42,0,25,10,0,,0,44,4,,,30,0,,88,0,,5,,7,525,27,42,0,,0,0,4,122,1,1,0,97,206,1333,0,,,,1,18,,,18,2,0,4,599,30,,,678,48,,15,0,12,237,0,144,417,4,4647,0,,1,9,0
2011,3,0,3,0,0,2,0,7,67,0,,0,35,11,0,0,0,7,15,,,11,0,938,0,,2,972,2,,2,,67,0,40,,0,0,2,0,0,0,33,0,0,14,152,0,,112,0,5,42,0,0,,,1,59,33,22,9,36,0,18,11,28,8,94,0,3,105,1,1,361,1,9,49,0,9,6,0,,2,27,1,,,5,,,14,0,,0,,6,97,34,12,0,,0,0,1,86,0,3,3,26,139,482,1,,,,0,24,,,17,27,2,5,126,9,,,337,8,,4,2,22,77,0,33,74,0,1935,0,,0,26,3
2011,4,0,3,1,0,0,0,5,11,0,,1,18,2,0,0,0,10,3,,,3,0,812,0,,1,668,1,,2,,15,,6,,0,0,0,0,0,5,23,2,0,6,17,0,,24,0,15,10,1,0,,,1,9,6,5,12,13,0,3,,2,7,110,0,0,44,0,2,58,0,0,37,0,2,0,0,,0,10,0,,,0,,,0,0,,0,,7,21,5,0,0,,0,0,0,6,0,2,8,0,11,159,0,,,,0,5,,,3,3,0,1,7,5,,,56,6,,3,2,13,12,0,9,20,0,541,0,,0,15,3
2011,5,0,,0,0,7,0,3,1,0,,0,0,0,0,0,0,21,0,,,14,2,228,0,,0,429,0,,0,0,2,,,,0,0,0,0,1,36,1,0,0,0,2,0,,0,0,10,1,0,0,,,3,0,1,8,14,3,0,3,,,0,54,0,0,34,0,0,3,0,0,32,1,4,0,0,,0,4,0,,,0,,,0,0,13,0,,9,1,4,0,0,,0,0,6,1,0,0,4,0,3,18,0,,,,0,0,,,11,0,0,5,1,11,,,4,0,,4,31,0,2,1,0,7,8,56,0,,0,14,8
2011,6,0,,0,0,17,0,20,0,0,,1,0,0,0,0,0,13,0,,,27,10,8,0,,0,118,0,,0,0,,,,,3,0,8,0,0,40,0,0,0,0,1,0,,0,0,27,,0,0,,,4,,0,9,7,1,0,0,,,0,15,0,0,24,,2,0,0,,15,0,2,,0,,8,1,0,,,,,2,0,0,64,0,,1,0,2,1,0,,0,0,6,0,0,0,0,0,0,1,2,,,,0,,,,6,0,0,41,3,8,,,0,0,,17,1,,0,6,0,1,4,7,1,,0,15,6
2011,7,0,,0,0,11,0,74,0,0,0,42,0,0,0,1,0,25,0,0,,54,33,2,0,,2,188,0,,0,5,,,,,0,0,21,0,0,5,0,0,0,0,0,0,,0,0,34,,0,1,,,10,,0,10,7,1,0,0,,,0,4,0,0,30,,0,0,0,,18,0,0,,0,,8,0,0,,,,,0,0,0,230,0,,6,0,0,0,0,,0,0,3,0,,1,1,0,0,0,0,,,,1,,,,10,0,0,24,1,15,,,0,0,,31,7,,0,8,0,4,0,12,1,,0,7,12
2011,8,0,,0,0,0,0,118,0,0,0,82,0,,0,0,0,22,0,1,,54,31,2,0,,5,159,0,,0,39,,,,,1,0,11,0,0,0,0,0,0,0,0,0,,0,0,2,,0,0,,,13,,0,24,6,0,0,0,,,0,0,0,0,31,,1,0,0,,0,0,0,,0,,6,0,0,,,,,,0,0,142,0,1,9,0,0,2,0,,0,0,1,1,,0,1,0,0,0,0,,,,13,,,0,12,4,0,31,1,9,,,0,0,,30,0,,0,19,0,2,0,11,0,,0,12,11
2011,9,0,,0,0,5,0,83,0,0,0,57,0,0,0,52,0,0,0,2,,121,69,4,0,,3,155,0,,0,107,,,,,1,0,10,0,0,3,0,1,0,0,2,0,,0,0,1,0,0,1,,,11,,0,70,4,2,0,0,,,0,1,0,0,11,,0,0,0,,0,0,,,0,,2,0,0,,,0,,,0,0,100,0,,23,0,0,1,0,,0,0,5,0,,2,0,0,0,0,0,,,,214,0,,0,28,0,0,64,4,28,,,0,0,,65,0,,0,47,0,0,7,16,0,,0,16,7
2011,10,,0,0,0,2,0,32,0,0,1,29,0,1,0,107,0,16,0,6,,373,66,6,0,,1,230,0,,0,70,0,0,0,,9,0,8,0,0,3,0,0,0,0,0,0,,0,0,1,0,0,5,,,5,0,0,118,10,1,0,0,1,,0,1,0,0,28,0,17,0,0,0,1,2,,0,0,,1,3,0,,,0,,1,3,0,28,0,,23,2,0,5,0,,0,1,21,2,0,3,0,0,0,21,,,,,360,0,,0,39,0,0,64,0,24,,,4,0,,14,2,0,0,59,3,5,17,46,,,0,22,3
2011,11,,0,0,0,0,0,19,0,0,0,4,0,0,0,70,0,15,0,0,,86,35,11,0,,0,398,0,,0,6,0,2,0,,4,0,3,0,0,2,0,1,0,0,1,0,,0,0,2,0,0,3,,,5,0,0,85,8,6,0,2,2,0,0,0,0,0,12,0,20,0,0,0,0,0,,0,0,,2,4,0,,,1,,3,4,0,0,0,1,7,3,0,2,0,,2,4,10,0,0,12,4,0,0,14,,,,,24,0,,0,50,0,0,20,3,30,,,1,4,0,34,6,0,0,5,0,9,5,63,,,0,15,0
2011,12,,0,0,0,1,0,7,1,0,1,0,0,0,1,8,0,6,0,,,18,14,22,,,0,1487,0,,0,,0,0,0,,,0,3,0,0,1,0,,0,0,2,0,,0,0,0,0,0,0,,,1,0,0,79,25,4,0,4,9,0,0,9,0,0,10,0,10,1,0,0,0,2,,0,0,,,27,0,,,6,,11,0,0,0,0,1,4,0,8,7,0,,3,2,19,0,0,28,44,0,0,15,,,,,0,0,,0,34,0,0,9,8,20,,,4,1,0,14,1,0,0,5,0,5,11,80,,,0,14,0
2012,1,0,4,0,0,2,0,19,7,0,0,4,0,47,3,12,1,4,0,1,,4,2,214,0,,0,2730,7,,1,5,8,0,0,,8,0,0,0,0,2,0,0,0,0,17,0,,0,0,2,22,,3,,,1,16,0,70,31,10,0,3,49,1,0,47,0,1,9,1,28,2,0,0,7,1,0,0,,,0,41,23,,,0,,53,0,0,,1,5,11,16,28,23,0,,5,5,27,2,0,36,62,0,0,30,2,,,,0,0,,0,36,4,0,1,46,46,,,9,2,0,19,1,0,11,2,0,19,9,125,0,,,11,0
2012,2,0,12,0,0,3,0,39,33,0,1,1,1,29,3,23,0,15,1,3,,0,2,880,0,,0,3890,3,,0,0,56,0,11,,1,7,0,1,5,8,6,0,0,0,40,0,,6,0,0,125,,14,,,0,87,0,49,36,19,0,3,76,13,0,82,1,8,25,0,19,1,0,23,21,1,0,0,,,0,29,114,,,2,,45,4,1,,0,9,5,21,16,4,0,,2,0,9,3,1,26,309,0,3,102,3,,,,0,0,,0,32,0,0,4,114,32,,,30,20,0,45,3,0,32,4,1,35,4,306,0,,,75,0
2012,3,0,7,0,0,0,0,49,32,0,0,3,0,1,21,109,7,16,1,0,,3,0,2628,0,,0,2188,4,,0,0,116,3,52,,0,5,0,6,21,1,12,0,0,6,58,0,,2,0,0,78,,31,,,0,131,0,103,60,11,0,4,67,22,0,124,0,0,7,0,5,3,0,3,17,0,0,,,,0,7,88,,,0,,13,3,1,,0,,3,41,18,14,0,,6,2,2,1,7,6,770,1,3,277,0,,,,1,1,,4,20,1,0,3,126,7,,,35,44,,25,5,2,42,3,4,106,7,793,1,,,60,0
2012,4,0,1,0,0,0,0,29,17,0,0,2,1,4,19,86,13,10,1,0,,3,0,2062,0,,2,351,5,,0,4,16,5,4,,0,2,0,6,57,0,10,3,1,11,80,0,,4,0,0,13,,2,,,0,27,0,130,89,22,0,12,20,6,4,83,0,5,2,0,1,8,0,3,20,5,1,,,,0,22,13,,,1,,7,12,0,0,0,,4,33,13,6,0,,3,5,0,3,0,5,625,1,0,345,0,,,,18,0,,10,2,4,3,3,86,4,,,34,18,,11,1,7,55,7,1,82,9,1389,0,,,54,0
2012,5,0,,0,0,8,0,38,0,0,0,1,0,0,8,21,1,2,0,0,,1,1,448,0,,0,65,5,0,2,0,0,33,,,0,4,0,30,51,2,4,0,0,2,14,0,,1,0,0,0,,1,,,0,0,0,51,46,14,0,3,,,2,26,0,0,1,0,3,1,0,1,20,0,0,,1,,0,14,0,,,,,2,0,1,7,0,,0,22,8,1,0,,14,6,0,0,0,9,18,0,0,56,0,,,,1,0,,1,1,0,1,6,46,26,,,11,0,,7,1,0,3,0,0,55,6,995,0,,,21,0
2012,6,0,,0,0,10,0,143,0,0,0,6,0,0,0,112,0,4,0,0,,1,2,61,0,,0,41,5,0,4,0,,88,,,0,0,0,55,22,7,0,1,0,0,4,1,,0,0,10,0,,0,,,1,,0,50,31,2,0,8,,,7,7,0,0,8,0,7,0,0,,18,0,0,,1,,4,15,0,,,,,4,1,17,17,3,,2,2,2,3,10,,41,30,1,0,0,2,0,0,0,41,1,,,,0,,,0,2,0,0,20,25,47,,,0,0,,23,5,,0,1,0,55,6,601,7,,,22,0
2012,7,,,0,0,57,0,552,0,0,0,25,0,,11,43,0,29,0,0,,2,0,11,0,,4,37,2,0,16,0,,63,,,0,0,0,54,4,77,0,0,3,0,5,2,,0,0,65,0,,0,,,0,,0,137,29,0,0,4,,,2,3,0,0,9,0,13,0,0,,26,0,0,,,,10,8,0,,,,,18,0,40,86,9,,1,0,5,0,93,,52,25,1,0,0,2,2,0,0,8,1,,,,1,,,0,0,0,0,10,13,69,,,4,0,0,48,4,,0,2,,17,3,213,12,,,13,8
2012,8,,,0,0,167,0,296,0,0,0,50,0,0,21,16,0,12,0,0,,3,0,4,0,,5,27,1,,16,1,,37,,,0,0,0,7,0,32,0,0,0,0,0,0,,0,0,22,0,,1,,,0,,0,175,10,0,0,2,,,1,5,0,0,17,0,5,,0,,12,0,0,,,,1,7,0,,,,,156,0,9,62,37,,2,0,0,0,27,,17,42,4,0,0,0,0,0,0,2,1,,,,2,,,9,1,0,0,68,0,30,,,1,0,,45,3,,0,0,0,11,4,105,4,,,14,17
2012,9,,0,0,0,356,0,151,0,0,0,103,0,0,37,9,0,21,0,0,,10,6,3,0,,10,20,3,,57,2,0,21,0,,0,4,3,16,1,55,0,0,,0,1,0,,0,0,8,0,,4,,,0,0,0,362,27,1,0,0,,,23,1,0,0,15,0,15,0,0,0,10,0,0,1,,,2,55,0,,,0,,441,1,1,41,97,,4,0,0,0,3,,27,29,7,0,0,3,0,0,0,9,0,,,,0,0,,7,0,0,0,75,0,40,,,2,0,,89,4,0,0,3,0,19,2,252,0,0,,35,16
2012,10,,0,0,,114,0,18,0,0,0,32,0,0,15,13,0,14,0,0,,5,18,9,0,,8,43,6,,43,4,0,3,2,,0,1,2,2,2,11,0,0,,0,5,0,,0,0,5,0,,2,,,1,0,1,117,18,0,0,1,0,,31,2,0,0,17,0,8,0,0,0,25,0,0,4,,,0,158,0,,,1,,11,1,0,,128,,4,6,1,0,1,,22,3,9,0,0,11,0,0,0,9,0,,,,0,0,,3,0,0,0,19,4,20,,,0,0,,49,12,0,0,0,0,15,0,509,,0,,46,12
2012,11,,0,0,,58,0,7,0,0,0,15,0,0,9,10,0,6,0,12,,19,26,35,0,,11,55,6,,20,9,0,3,0,,0,1,7,4,6,2,2,0,,0,12,0,,0,0,0,0,,1,,,1,0,0,49,14,4,0,4,3,2,8,3,1,0,12,1,12,0,0,1,51,0,1,8,,,0,211,0,,,8,,1,2,0,,72,,14,46,8,1,3,,9,15,16,0,0,20,0,0,0,22,1,,,,2,0,,0,0,0,0,7,26,17,,,12,1,,45,5,0,5,8,0,72,1,1355,,0,,71,13
2012,12,0,0,36,,21,0,5,5,0,0,4,0,58,1,4,0,11,0,7,,36,39,208,8,,23,104,3,,7,2,16,1,5,,2,68,2,1,13,0,9,0,0,0,290,0,,4,0,1,1,0,0,,,4,0,1,41,31,43,0,186,4,26,4,6,4,1,0,9,20,2,1,37,17,0,1,10,0,,0,296,0,,,15,,0,8,1,,7,,5,456,17,13,6,,22,0,10,0,0,71,3,0,0,19,2,0,,0,21,0,,0,3,1,0,0,123,23,,,86,40,,26,4,2,3,1,1,938,2,4855,0,8,,56,12
2013,1,0,10,44,,10,1,18,47,3,5,0,0,62,0,1,1,25,18,4,,11,23,297,0,,2,60,0,0,2,0,12,1,16,,3,108,0,11,22,0,58,0,1,21,1211,0,,0,0,8,3,0,4,,,13,10,3,31,90,16,0,240,13,251,2,32,2,29,2,13,13,45,16,61,5,0,5,29,2,,0,165,0,,,12,,0,25,0,,9,,5,709,9,1,0,,34,2,50,20,0,38,5,9,11,123,0,0,,0,5,18,,0,1,3,4,1,1173,37,,,281,267,,26,2,15,0,6,6,896,23,4390,0,35,,13,3
2013,2,0,42,57,,9,8,8,196,13,12,1,25,5,0,3,5,19,127,8,,2,28,704,0,,1,33,0,0,1,0,13,0,85,,5,354,3,29,16,0,110,6,0,8,2121,0,,9,0,0,8,0,2,,,10,34,11,48,88,59,0,191,35,495,1,39,2,131,2,9,14,224,43,55,14,1,16,37,0,,0,76,0,,,15,0,1,172,2,,16,,6,1397,9,1,0,,6,1,54,75,36,22,14,42,73,665,0,0,,0,14,82,,0,0,23,6,0,1734,60,,,880,533,,19,0,83,0,4,17,845,12,4213,0,20,,8,2
2013,3,,23,16,,3,8,14,261,14,4,0,22,7,0,5,3,52,90,3,,2,16,1499,0,,0,49,2,0,0,5,0,1,92,,12,272,1,18,56,0,37,50,1,2,722,3,,35,0,0,6,0,1,,,3,31,25,32,102,22,0,87,31,164,0,80,12,83,0,1,14,494,86,27,37,4,9,12,0,,1,63,0,,,1,0,0,162,0,,7,2,8,1234,4,7,0,,4,0,69,135,109,4,18,35,213,1596,2,0,,0,50,24,,0,0,43,8,0,675,66,,,1142,240,,6,3,23,14,18,55,558,15,4368,0,3,,14,3
2013,4,,1,0,,1,8,1,41,2,2,0,19,3,0,17,1,63,11,0,,1,11,1047,0,,0,75,7,0,0,4,14,4,43,,20,39,0,8,73,0,14,6,0,1,78,2,,22,0,0,2,0,1,,,6,9,9,12,71,16,0,19,6,0,0,40,25,3,10,0,6,175,29,5,39,3,0,6,0,,0,13,1,,,0,0,0,39,0,3,5,,2,310,2,1,0,,3,0,14,15,9,6,26,6,39,830,2,0,,0,31,4,,0,0,5,2,1,63,52,,,396,11,,0,0,1,5,37,20,201,7,1202,0,1,,6,2
2013,5,,,0,,8,0,6,1,0,3,0,5,0,0,16,0,228,4,3,,0,8,436,0,,4,49,4,5,1,19,1,6,,,19,6,0,1,52,1,1,8,0,0,9,3,,10,0,0,0,0,4,,,0,0,10,2,31,1,0,4,,,0,32,5,0,4,0,12,5,7,0,33,2,0,4,0,,1,4,0,,,0,0,0,2,0,21,0,,4,32,0,0,0,,1,0,18,0,2,6,25,0,2,161,34,0,,0,16,0,,0,0,1,5,6,3,106,,,29,0,,0,0,0,1,17,9,27,10,495,0,0,,15,0
2013,6,,,0,,51,0,14,0,0,1,2,,0,0,152,0,486,0,0,,1,9,52,1,,26,79,0,9,1,34,,0,0,,15,2,0,10,31,0,0,6,0,0,2,3,,0,0,0,0,0,3,,,4,,2,0,35,2,0,1,,,0,13,2,0,11,0,1,0,0,,61,0,0,0,0,,0,5,0,,,0,0,0,1,0,60,1,,16,4,0,0,0,,18,2,34,0,0,4,5,0,0,47,4,0,,0,24,,,1,2,0,0,6,0,13,,,0,0,,0,0,,0,19,1,2,2,237,1,,,16,0
2013,7,,,0,,50,0,48,0,0,0,1,,0,0,62,0,281,0,3,,2,10,3,11,,15,54,2,4,2,29,,2,,,8,0,1,4,13,0,0,2,0,,0,1,,0,0,0,0,0,2,,,0,,0,5,35,1,0,0,,,0,0,0,0,19,0,1,,0,,28,1,0,0,0,,2,8,0,,,0,0,0,1,0,128,0,,8,1,6,0,0,,50,81,29,0,0,4,0,0,0,9,1,0,,0,26,,,0,0,0,0,10,0,8,,,0,0,,0,1,,0,36,,4,2,56,0,,,6,0
2013,8,,,2,,115,0,91,0,0,0,1,,0,0,37,0,115,0,3,,8,1,3,46,,9,85,6,,0,24,,2,,,0,0,0,6,6,1,0,2,0,0,0,0,,0,0,0,0,0,4,,,3,,0,4,16,0,0,0,,,0,3,0,0,19,0,0,0,0,,19,0,0,0,0,,1,7,0,,,0,0,14,0,0,207,0,0,11,1,0,0,0,,44,113,24,1,0,3,0,0,0,2,0,0,,0,41,,,0,0,0,0,45,0,9,,,0,0,,1,0,,0,29,,4,0,35,0,,,11,5
2013,9,,0,0,,227,0,80,0,0,0,3,0,1,0,32,0,109,0,2,,16,3,5,36,,4,267,8,,0,24,0,4,,,0,0,2,1,9,0,0,5,0,0,3,0,,0,0,1,0,0,11,,,3,0,0,17,36,0,0,2,,,0,0,0,0,5,0,0,0,0,0,8,0,2,0,0,,1,14,0,,,0,0,0,0,0,307,1,0,14,0,0,0,0,,64,61,33,0,0,3,0,0,0,9,0,0,,0,77,,,0,1,0,0,53,1,5,,,1,0,,2,1,,0,10,,5,1,89,1,0,,27,7
2013,10,,0,0,,37,0,37,0,0,0,14,0,0,0,7,0,36,0,4,,40,11,14,3,,4,287,3,,1,9,0,8,1,,4,0,5,0,17,1,0,6,0,0,2,0,,0,0,2,0,0,8,,,7,0,0,8,18,3,0,0,18,,0,9,0,0,5,0,3,0,0,0,5,0,0,1,0,,4,22,0,,,0,0,0,0,0,88,1,0,10,5,4,1,0,,67,10,44,0,0,22,2,0,0,12,0,0,,0,41,0,,0,1,0,0,46,0,0,,,1,0,,0,2,0,3,27,0,5,11,108,0,0,,31,1
2013,11,,0,0,,10,0,31,0,2,0,28,0,0,2,1,0,21,0,4,,43,36,39,0,0,4,711,3,,1,1,0,10,0,,2,3,5,0,10,0,0,13,0,0,6,0,,0,0,2,0,0,3,,,0,0,0,9,27,0,0,2,13,0,1,7,0,0,6,0,6,0,0,0,0,3,2,0,0,,1,46,0,,,0,0,2,1,0,,4,3,21,6,3,2,0,,31,17,26,0,0,114,3,0,0,19,,0,,0,28,0,,0,0,0,0,26,1,1,,,2,1,,3,3,0,5,2,0,27,0,177,0,0,,29,1
2013,12,0,0,0,,1,0,18,0,0,0,16,0,0,0,2,3,18,2,11,,23,45,192,0,,6,2716,1,,1,2,20,1,0,,9,4,4,2,28,0,0,11,0,0,12,0,,0,0,6,0,0,0,,,1,0,1,17,28,1,2,1,8,1,0,11,0,0,1,0,10,0,0,0,1,2,0,0,0,,0,21,3,,,0,0,1,0,0,,0,3,14,14,1,3,0,,28,5,14,0,0,144,114,0,0,9,,0,,0,3,0,,0,1,1,0,2,1,1,,,8,0,,0,2,0,9,2,0,16,1,347,1,0,0,45,1
2014,1,0,0,0,,0,0,13,1,0,0,15,0,1,2,0,4,7,0,3,,3,19,663,0,,0,3143,0,,0,1,4,0,1,,9,15,1,0,19,0,0,9,0,0,19,0,,0,0,0,0,0,1,,,0,0,0,16,28,6,0,2,44,8,0,65,0,1,0,0,15,0,0,0,3,6,0,1,0,,1,72,21,,,0,0,3,0,0,,1,7,7,36,0,41,0,,6,0,16,0,0,102,232,0,0,17,0,0,,0,3,0,,0,8,0,1,0,4,1,,,18,5,,1,14,0,50,4,2,15,0,497,0,0,0,16,0
2014,2,0,0,1,,1,0,19,3,0,0,5,1,0,16,4,7,8,0,18,,0,12,1080,2,,0,2500,0,,0,3,9,0,1,,19,22,0,0,80,0,0,4,0,0,18,0,,3,0,0,6,0,0,,,0,1,0,24,54,28,0,1,141,15,0,79,4,4,0,1,22,4,0,1,12,0,,1,0,,3,113,104,,,0,3,11,0,0,,1,0,3,50,1,26,0,,4,0,6,3,4,92,266,0,5,63,0,0,,0,0,0,,0,4,0,6,0,10,0,,,47,5,,12,18,0,51,4,8,28,0,854,0,0,0,26,0
2014,3,0,0,1,,3,0,21,16,13,0,18,1,0,42,0,13,4,0,8,,2,14,2399,0,,1,3066,0,,0,0,18,0,0,,30,28,0,0,55,0,0,10,0,0,20,0,,0,0,0,22,0,2,,,3,0,6,56,112,37,0,11,99,8,0,91,2,10,6,0,18,1,0,0,8,0,,1,0,,5,113,155,,,0,5,29,0,1,,1,,3,86,1,13,0,,5,2,3,0,6,85,386,0,2,308,1,0,,0,0,0,,0,11,0,2,6,16,0,,,64,12,,8,5,0,41,2,32,27,5,1950,0,0,0,40,1
2014,4,0,,0,,1,0,14,5,3,0,15,2,1,12,1,0,16,0,0,,1,19,2120,,,0,700,0,,1,2,12,0,0,,23,11,1,0,33,0,0,,2,0,7,0,,2,0,0,6,0,2,,,6,0,2,48,47,44,1,6,15,0,0,23,1,2,1,0,3,5,0,0,0,1,,1,0,,,52,32,,,0,0,28,0,0,0,0,,0,67,8,0,0,,5,0,2,0,3,66,95,0,2,270,6,0,,0,0,0,,,4,2,0,2,5,0,,,60,2,,5,,2,48,0,20,48,19,1798,0,0,0,26,7
2014,5,,,2,,0,0,16,1,0,2,16,5,0,3,7,0,12,0,3,,1,8,892,,,2,322,0,,0,2,1,0,0,,10,8,0,3,121,2,0,,0,0,5,0,,0,0,0,0,0,0,,,26,0,4,10,35,51,0,2,,,0,7,6,0,0,0,6,8,0,0,2,0,,0,0,,,53,0,,,0,0,8,1,0,5,0,,0,48,38,0,0,,4,2,4,0,1,59,8,0,0,79,2,0,,0,0,0,,,4,1,0,1,3,0,,,9,,,4,,3,9,1,4,21,5,1051,1,0,0,35,0
2014,6,,,1,,37,,24,,0,1,32,,0,10,7,0,21,0,0,,2,18,133,,,2,198,0,,4,1,,0,,,8,3,0,13,82,33,0,,1,0,0,0,,0,0,0,0,0,3,,,50,,0,7,31,56,0,3,,,0,1,0,0,,0,2,0,0,,0,0,,0,0,,,76,0,,,0,0,9,1,0,15,13,,0,19,15,0,0,,16,0,8,0,0,26,2,0,0,9,1,0,,0,0,,,,21,0,0,2,11,1,,,,,,21,,1,0,,0,7,19,553,1,,0,19,1
2014,7,,,1,,127,,44,,,0,64,,0,12,6,,32,0,0,,1,19,14,,,5,89,0,,51,6,,0,,,0,6,0,37,49,12,0,,1,,0,0,,,,0,0,0,6,,,27,,0,31,5,12,0,0,,,0,0,0,,0,,2,,0,,8,1,,0,0,,,58,0,,,0,0,16,0,0,40,93,,0,1,17,0,0,,8,0,24,0,,27,0,,0,0,0,0,,0,0,,,,3,0,0,23,0,5,,,,,,29,,,,,,7,2,172,2,,7,11,5
2014,8,,,0,,147,,122,,,1,83,,0,29,5,,99,0,0,,1,16,9,,,8,158,0,,85,3,,3,,,0,2,1,27,72,1,0,,2,0,0,0,,,,2,0,0,8,,,9,,0,56,16,0,0,2,,,0,0,0,,1,,22,,0,,25,0,,0,0,,,84,0,,,0,0,44,0,1,168,332,,0,2,11,2,0,,21,0,69,0,,6,0,,0,0,0,0,,0,4,,,,0,0,0,43,0,1,,,,,,33,,,,,,2,0,166,3,,31,17,2
2014,9,,0,0,,35,,86,0,0,0,21,0,0,12,1,,85,0,0,,0,18,13,,,2,92,0,,67,1,,0,,,0,8,2,10,29,1,0,,0,0,2,0,,0,0,1,0,0,9,,,4,0,0,36,14,2,0,3,2,,0,0,0,,3,,36,0,0,0,28,0,,0,0,,,116,0,,,0,0,54,0,3,69,88,,2,3,14,3,0,,23,0,43,0,0,16,0,0,0,12,0,0,,0,8,0,,,1,0,0,34,0,1,,,0,1,,6,,,,,0,4,0,253,1,0,2,53,5
2014,10,,0,14,,9,,50,6,2,0,6,0,0,12,0,,74,7,0,,0,44,36,,,6,62,0,,28,2,0,0,0,,0,2,3,1,35,0,0,,0,0,8,0,,2,0,0,0,0,9,,,1,0,0,21,26,2,0,0,8,0,0,1,0,0,0,,20,0,0,0,33,0,,0,0,,,104,0,,,1,0,29,0,11,,17,,1,4,10,0,0,,11,0,5,0,0,31,0,0,0,26,0,0,,0,24,0,,,1,0,0,1,2,4,,,6,0,,2,,1,,,1,24,1,572,0,0,0,51,5
2014,11,,0,30,,2,,40,0,15,0,1,0,0,2,3,,37,0,0,,3,54,84,,,8,59,0,,5,1,0,0,7,,0,0,3,0,31,0,0,,0,0,15,0,,0,0,1,1,0,8,,,0,0,0,16,16,3,0,1,5,0,0,3,3,2,3,,27,1,0,1,54,1,,0,0,,,178,0,,,5,0,21,0,13,,3,,3,35,5,0,0,,27,0,17,1,4,25,0,0,0,7,0,0,,0,0,0,,,0,0,1,3,8,8,,,10,6,,2,,5,2,,0,29,3,879,0,0,0,54,5
2014,12,,0,14,,0,,13,2,2,0,0,0,0,0,1,,10,0,,,0,11,270,,,2,115,0,,1,0,19,0,1,,,2,0,0,76,0,0,,1,0,95,0,,2,0,1,1,0,,,,,0,1,2,3,21,0,2,1,3,0,3,1,7,,,27,3,2,1,9,1,,0,0,,,45,0,,,63,,1,0,8,,0,,0,158,6,0,0,,14,0,0,0,20,29,4,0,1,39,1,0,,0,0,0,,,0,1,3,0,26,8,,,39,23,,1,,38,8,,17,14,5,1394,0,0,0,41,0